Player,Team,GP,MIN,BLK,AST,Touches,Pull_Up_Shots_PTS,Catch_and_Shoot_PTS,Drives,Player_PTS_on_Drives,REB,Distance_Traveled_miles,STL,Opp_FGM_at_Rim,Opp_FGA_at_Rim,Passes,FT_Assists,Secondary_Assists,Assist_opportunities,Points_created_by_assist,Front_Court_Touches,Close_Touches,Elbow_Touches,PTS,Drives_PTS,Close_Shots_PTS,Pull_Up_Shots_FGM,Pull_Up_Shots_FGA,Pull_Up_Shots_FG3M,Pull_Up_Shots_FG3A,Catch_and_Shoot_FGM,Catch_and_Shoot_FGA,Catch_and_Shoot_3FGM,Catch_and_Shoot_3FGA,REB_Chances,Contested_REB,Uncontested_REB,TOV,PF
A.J. Price,MIN,10,44,0,5,107,7,3,1,0,5,3,0,0,0,85,3,1,10,14,86,1,8,12,0,2,3,7,1,3,1,6,1,5,10,0,5,4,3
Aaron Brooks,HOU,24,415.2,3,54,806,31,63,96,57,39,29.4,19.2,12,26.4,573.6,9.6,16.8,100.8,134.4,696,2.4,14.4,180,57.6,2.4,12,40.8,7.2,24,21.6,40.8,21.6,40.8,57.6,7.2,31.2,33.6,43.2
Aaron Gray,SAC,4,30.4,1,1,44,0,2,0,0,12,2.2,0,1.2,2,30,0,0,3.2,3.2,23.2,4,1.2,9.2,0,2,0,0,0,0,1.2,2,0,1.2,18,7.2,5.2,4,7
Aaron Gray,TOR,3,13.8,0,2,33,0,0,0,0,6,1,0,0.9,0.9,24,0,0,3.9,5.1,15.9,0.9,3,0.9,0,0,0,0,0,0,0,0,0,0,9,3,3,3.99,0
Aaron Gray,TOTAL,7,44.1,1,3,77,0,2,0,0,18,3.1,0,2.1,2.8,53.9,0,0,7,7.7,39.2,4.9,4.2,9.8,0,2.1,0,0,0,0,0.7,2.1,0,0.7,27.3,9.8,7.7,7,16.31
Al Harrington,WAS,7,130.9,0,7,228,0,38,10,13,10,9,4.2,7.7,13.3,161,0,2.8,11.9,16.1,128.8,2.1,7.7,55.3,13.3,0,0,7.7,0,0,13.3,28.7,11.9,27.3,27.3,0.7,9.1,9.1,16.1
Al Horford,ATL,28,924,42,72,1775,4,147,19,18,236,61.6,28,92.4,193.2,1240.4,5.6,25.2,162.4,176.4,1145.2,156.8,215.6,512.4,16.8,137.2,2.8,19.6,0,2.8,72.8,145.6,2.8,8.4,347.2,84,151.2,64.4,53.2
Al Jefferson,CHA,20,646,29,37,925,16,66,0,0,192,40.1,18,80,142,538,2,8,70,80,626,150,102,334,0,96,8,28,0,0,32,78,0,2,316,72,120,18,56
Al-Farouq Aminu,NOP,25,610,15,36,791,6,30,26,18,171,44.9,32.5,40,80,582.5,7.5,10,70,82.5,540,30,30,175,17.5,20,2.5,10,0,0,15,40,2.5,7.5,270,57.5,112.5,25,37.5
Alan Anderson,BKN,27,710.1,4,31,824,29,109,66,44,74,47.5,24.3,18.9,40.5,585.9,5.4,2.7,64.8,78.3,623.7,10.8,27,229.5,43.2,10.8,13.5,45.9,2.7,10.8,37.8,91.8,35.1,86.4,137.7,24.3,51.3,16.2,54
Alec Burks,UTA,31,840.1,8,81,1614,70,46,152,116,90,59.5,24.8,37.2,68.2,1134.6,6.2,18.6,198.4,192.2,1426,18.6,83.7,387.5,114.7,24.8,31,114.7,6.2,21.7,15.5,40.3,12.4,31,186,24.8,65.1,55.8,71.3
Alex Len,PHX,4,31.6,2,1,53,0,0,0,0,7,2.2,2,1.2,6,42,0,0,1.2,3.2,25.2,3.2,7.2,7.2,0,2,0,0,0,0,0,3.2,0,0,15.2,6,1.2,3.2,8
Alexey Shved,MIN,25,247.5,6,23,332,9,15,41,17,29,17.8,7.5,5,15,220,5,5,50,57.5,282.5,5,20,67.5,17.5,0,2.5,22.5,2.5,12.5,5,27.5,5,25,45,7.5,22.5,15,15
Alexis Ajinca,NOP,2,31.4,1,2,51,0,0,2,2,15,2.2,1,3,9,34,1,1,3,4,23,5,7,10,2,4,0,0,0,0,0,2,0,0,23,7,8,5,11
Allen Crabbe,POR,7,33.6,0,3,39,0,12,1,0,1,2.2,0.7,0.7,0.7,23.1,0,0,4.9,6.3,28.7,0.7,0.7,18.9,0,0,0,2.8,0,0,4.2,4.2,4.2,4.2,4.2,0,0.7,2.8,0.7
Alonzo Gee,CLE,27,540,4,17,666,2,36,33,19,77,40.7,24.3,18.9,35.1,518.4,0,13.5,54,40.5,521.1,16.2,10.8,105.3,18.9,5.4,0,13.5,0,2.7,13.5,37.8,10.8,29.7,116.1,13.5,64.8,24.3,45.9
Amar'e Stoudemire,NYK,21,375.9,7,10,473,4,16,4,6,76,23.9,12.6,35.7,71.4,279.3,0,2.1,27.3,23.1,287.7,39.9,60.9,159.6,6.3,44.1,2.1,4.2,0,0,8.4,23.1,0,0,144.9,27.3,48.3,25.2,46.2
Amir Johnson,TOR,25,750,27,28,1250,11,37,22,14,181,50.9,17.5,82.5,180,960,2.5,12.5,52.5,62.5,690,77.5,110,297.5,15,85,5,10,0,5,15,45,5,20,332.5,87.5,92.5,37.5,97.5
Anderson Varejao,CLE,27,774.9,20,56,1363,8,68,17,8,228,56.1,29.7,94.5,162,1098.9,8.1,10.8,116.1,143.1,677.7,81,221.4,213.3,8.1,64.8,2.7,13.5,0,0,35.1,64.8,0,2.7,434.7,83.7,143.1,27,64.8
Andray Blatche,BKN,27,621,12,37,1219,33,61,53,43,161,40.5,27,64.8,108,850.5,2.7,5.4,64.8,91.8,745.2,70.2,108,315.9,43.2,59.4,16.2,48.6,0,5.4,27,70.2,5.4,16.2,259.2,62.1,97.2,45.9,56.7
Andre Drummond,DET,30,996,49,9,1153,0,2,5,2,375,67.5,45,117,243,756,3,9,27,21,510,123,24,396,3,120,0,3,0,0,0,3,0,0,540,174,201,39,96
Andre Iguodala,GSW,17,589.9,5,89,853,30,75,40,19,68,40.8,28.9,18.7,32.3,632.4,8.5,25.5,146.2,210.8,712.3,30.6,42.5,190.4,18.7,23.8,13.6,39.1,1.7,13.6,25.5,45.9,23.8,40.8,102,15.3,52.7,42.5,35.7
Andre Miller,DEN,27,537.3,5,97,985,28,29,85,59,70,33.4,13.5,13.5,32.4,753.3,2.7,16.2,175.5,218.7,810,27,43.2,170.1,59.4,10.8,13.5,37.8,2.7,2.7,10.8,18.9,8.1,10.8,116.1,16.2,54,29.7,29.7
Andre Roberson,OKC,11,96.8,2,2,97,0,3,4,6,24,7.3,3.3,5.5,5.5,73.7,2.2,4.4,5.5,5.5,71.5,3.3,1.1,17.6,5.5,0,0,0,0,0,1.1,4.4,1.1,4.4,39.6,15.4,8.8,6.6,14.3
Andrea Bargnani,NYK,27,842.4,35,35,1278,35,189,39,32,141,51.9,10.8,62.1,135,837,0,10.8,75.6,81,799.2,54,137.7,386.1,32.4,56.7,16.2,48.6,0,2.7,83.7,191.7,24.3,81,226.8,51.3,89.1,32.4,64.8
Andrei Kirilenko,BKN,4,52.8,0,4,96,0,0,5,3,13,3.8,3.2,3.2,7.2,68,1.2,2,7.2,10,60,5.2,5.2,23.2,3.2,3.2,0,1.2,0,0,0,1.2,0,0,21.2,7.2,6,3.2,8
Andrew Bogut,GSW,27,764.1,48,45,1175,2,4,13,16,285,49.1,18.9,105.3,237.6,926.1,2.7,16.2,86.4,108,531.9,70.2,70.2,207.9,16.2,62.1,0,5.4,0,0,2.7,5.4,0,0,421.2,105.3,180.9,48.6,86.4
Andrew Bynum,CLE,23,457.7,27,27,627,8,18,0,0,125,27.9,6.9,32.2,85.1,370.3,0,4.6,43.7,59.8,414,80.5,85.1,197.8,0,50.6,4.6,16.1,0,0,9.2,29.9,0,0,184,62.1,62.1,29.9,27.6
Andrew Nicholson,ORL,28,574,13,7,733,16,106,10,13,139,39.5,8.4,50.4,109.2,470.4,0,2.8,14,16.8,350,33.6,30.8,252,14,28,8.4,16.8,0,2.8,44.8,106.4,16.8,50.4,240.8,50.4,89.6,28,67.2
Andris Biedrins,UTA,6,45,0,0,51,0,0,0,0,17,3,0,6,10.2,45,0,1.2,0,0,16.2,1.8,4.2,3,0,1.8,0,0,0,0,0,0,0,0,24,4.2,13.2,1.8,6
Antawn Jamison,LAC,14,169.4,2,3,326,4,25,10,10,40,12.3,5.6,15.4,30.8,245,0,0,14,8.4,155.4,8.4,15.4,57.4,9.8,8.4,1.4,2.8,0,0,8.4,36.4,7,22.4,57.4,14,26.6,5.6,23.8
Anthony Bennett,CLE,21,216.3,2,4,344,8,18,6,5,41,15.4,8.4,10.5,21,247.8,0,2.1,10.5,8.4,176.4,10.5,35.7,50.4,4.2,10.5,4.2,12.6,0,2.1,6.3,33.6,4.2,21,65.1,10.5,29.4,14.7,29.4
Anthony Davis,NOP,19,649.8,60,27,932,12,52,16,16,195,45.3,30.4,49.4,110.2,560.5,0,11.4,45.6,58.9,543.4,83.6,110.2,366.7,15.2,85.5,5.7,19,0,0,26.6,60.8,0,0,307.8,89.3,104.5,28.5,58.9
Anthony Morrow,NOP,26,418.6,4,15,388,41,83,18,11,35,28.7,13,15.6,36.4,226.2,0,0,23.4,33.8,317.2,5.2,28.6,169,10.4,5.2,20.8,36.4,0,2.6,28.6,65,26,52,59.8,7.8,28.6,10.4,31.2
Anthony Randolph,DEN,11,154,9,5,240,2,14,6,2,44,11.1,7.7,12.1,33,162.8,0,2.2,13.2,12.1,140.8,7.7,16.5,52.8,2.2,7.7,1.1,5.5,0,1.1,5.5,20.9,2.2,8.8,77,11,33,16.5,23.1
Anthony Tolliver,CHA,20,346,6,16,515,0,65,3,2,51,24.6,4,24,52,436,2,4,38,38,304,8,26,76,2,2,0,2,0,0,22,56,22,50,82,14,38,12,34
Archie Goodwin,PHX,26,286,8,9,399,2,11,52,38,45,20.8,10.4,7.8,26,262.6,0,5.2,20.8,20.8,275.6,10.4,13,93.6,39,7.8,0,7.8,0,5.2,5.2,18.2,2.6,18.2,75.4,13,31.2,26,20.8
Arinze Onuaku,NOP,3,25.5,0,3,33,0,0,0,0,7,1.7,0,2.1,3.9,27.9,0,0,3.9,6,9.9,0.9,0,3,0,2.1,0,0,0,0,0,0,0,0,9.9,0.9,6,0.9,3
Aron Baynes,SAS,16,136,0,9,204,0,2,1,2,42,9.4,0,17.6,30.4,139.2,1.6,6.4,14.4,22.4,132.8,27.2,20.8,41.6,1.6,9.6,0,1.6,0,0,1.6,9.6,0,0,68.8,19.2,22.4,12.8,20.8
Arron Afflalo,ORL,27,1026,1,106,1795,153,206,87,69,124,70.3,18.9,27,48.6,1220.4,2.7,21.6,218.7,248.4,1471.5,24.3,99.9,591.3,70.2,10.8,72.9,159.3,8.1,27,78.3,164.7,51.3,110.7,205.2,10.8,113.4,54,45.9
Austin Daye,TOR,6,27.6,0,2,54,0,0,2,3,5,2,0,6,7.2,42,0,0,3,4.8,28.2,1.2,1.2,6,3,0,0,1.2,0,0,0,6,0,6,12,3,1.8,0,4.2
Austin Rivers,NOP,18,217.8,1,18,343,4,15,46,28,19,15.4,7.2,5.4,16.2,244.8,3.6,3.6,46.8,45,307.8,3.6,23.4,73.8,28.8,0,1.8,14.4,0,3.6,5.4,14.4,5.4,12.6,48.6,5.4,14.4,9,25.2
Avery Bradley,BOS,29,901.9,6,36,1402,125,143,56,35,118,64.8,31.9,37.7,60.9,913.5,5.8,11.6,92.8,81.2,1113.6,31.9,58,403.1,34.8,29,60.9,145,0,8.7,55.1,124.7,31.9,69.6,197.2,29,89.9,52.2,81.2
Ben Gordon,CHA,14,219.8,2,17,298,17,23,25,21,22,15.4,8.4,11.2,15.4,190.4,0,1.4,29.4,36.4,264.6,1.4,22.4,81.2,21,2.8,8.4,30.8,1.4,4.2,8.4,26.6,5.6,15.4,39.2,4.2,18.2,16.8,15.4
Ben McLemore,SAC,26,676,5,29,781,30,114,46,21,82,51.3,15.6,33.8,59.8,491.4,5.2,7.8,59.8,65,553.8,18.2,57.2,241.8,20.8,15.6,13,33.8,5.2,18.2,41.6,114.4,31.2,85.8,161.2,20.8,62.4,28.6,62.4
Beno Udrih,NYK,20,354,1,55,865,38,43,41,15,36,26,12,18,32,702,6,10,128,126,684,8,46,118,16,0,18,44,2,6,16,32,12,20,64,4,32,26,32
Bernard James,DAL,13,92.3,4,1,102,0,0,1,0,30,6.4,1.3,18.2,29.9,70.2,0,2.6,3.9,2.6,48.1,9.1,10.4,23.4,0,10.4,0,0,0,0,0,2.6,0,1.3,54.6,16.9,13,5.2,13
Bismack Biyombo,CHA,25,467.5,27,2,388,2,10,0,0,162,31.4,2.5,50,132.5,282.5,0,2.5,7.5,5,160,52.5,10,95,0,47.5,0,0,0,0,5,7.5,0,0,270,67.5,95,15,40
Blake Griffin,LAC,29,1067.2,20,91,2313,17,112,50,40,305,69.8,31.9,92.8,176.9,1650.1,5.8,31.9,176.9,211.7,1461.6,165.3,388.6,606.1,40.6,121.8,8.7,29,0,2.9,55.1,142.1,2.9,11.6,455.3,127.6,176.9,78.3,104.4
Boris Diaw,SAS,27,653.4,12,59,1249,30,52,51,44,91,46,13.5,67.5,110.7,966.6,5.4,13.5,126.9,140.4,737.1,75.6,105.3,264.6,43.2,56.7,16.2,27,0,2.7,21.6,62.1,10.8,35.1,186.3,40.5,51.3,35.1,43.2
Bradley Beal,WAS,16,609.6,3,48,936,88,131,52,35,68,43.4,14.4,28.8,44.8,568,1.6,9.6,92.8,108.8,806.4,4.8,59.2,313.6,35.2,1.6,41.6,123.2,6.4,14.4,46.4,108.8,36.8,80,105.6,19.2,49.6,38.4,33.6
Brandan Wright,DAL,5,106.5,9,3,133,0,2,2,2,23,7.1,2,15,41,92,0,3,6,9,73,18,13,61,2,26,0,1,0,0,1,3,0,0,57,9,14,2,8
Brandon Bass,BOS,29,864.2,34,40,1291,51,50,40,16,185,56.9,17.4,69.6,133.4,925.1,0,17.4,87,92.8,716.3,87,142.1,319,17.4,69.6,26.1,63.8,0,2.9,26.1,60.9,0,0,307.4,60.9,124.7,31.9,78.3
Brandon Davies,PHI,25,300,4,17,452,2,4,3,0,51,22.6,12.5,25,45,350,0,5,35,40,265,40,42.5,60,0,25,0,5,0,0,2.5,17.5,0,2.5,117.5,20,30,17.5,45
Brandon Jennings,DET,28,1038.8,3,228,2466,225,39,201,103,95,73.9,44.8,16.8,28,1800.4,22.4,39.2,453.6,512.4,2214.8,14,114.8,492.8,103.6,5.6,92.4,238,39.2,100.8,14,47.6,11.2,39.2,154,19.6,75.6,89.6,53.2
Brandon Knight,MIL,20,572,3,90,1512,88,56,101,63,85,40.2,16,16,32,1108,6,22,192,208,1306,12,72,278,62,8,38,114,12,34,22,50,14,40,144,16,70,54,38
Brandon Rush,UTA,12,151.2,4,10,202,5,9,10,5,14,10.7,1.2,8.4,15.6,163.2,1.2,4.8,25.2,25.2,152.4,3.6,7.2,19.2,4.8,0,2.4,13.2,1.2,2.4,3.6,7.2,3.6,7.2,33.6,3.6,10.8,9.6,9.6
Brian Roberts,NOP,20,304,1,46,599,49,30,27,20,22,22.7,8,4,12,460,4,6,72,114,532,4,38,110,20,2,22,54,6,16,12,32,8,22,42,2,22,12,36
Brook Lopez,BKN,17,535.5,30,16,680,18,56,10,14,102,33.6,8.5,61.2,154.7,363.8,6.8,6.8,40.8,47.6,470.9,96.9,61.2,351.9,13.6,112.2,8.5,20.4,0,1.7,27.2,51,0,0,205.7,42.5,59.5,27.2,52.7
Byron Mullens,LAC,16,126.4,3,6,203,7,23,1,0,22,8.5,4.8,12.8,22.4,142.4,0,1.6,9.6,16,108.8,6.4,6.4,46.4,0,6.4,3.2,4.8,1.6,1.6,8,28.8,6.4,27.2,36.8,9.6,12.8,9.6,27.2
CJ Miles,CLE,23,432.4,10,24,535,32,89,26,26,47,29.9,20.7,16.1,27.6,312.8,0,0,52.9,55.2,439.3,4.6,46,190.9,25.3,6.9,16.1,39.1,2.3,6.9,29.9,92,27.6,80.5,87.4,13.8,34.5,23,46
CJ Watson,IND,27,537.3,4,50,1043,36,51,49,20,48,38.3,29.7,13.5,18.9,831.6,2.7,21.6,102.6,118.8,909.9,10.8,29.7,175.5,18.9,13.5,16.2,43.2,5.4,18.9,16.2,51.3,16.2,48.6,83.7,8.1,40.5,24.3,27
Carlos Boozer,CHI,26,800.8,14,46,1331,26,72,8,4,236,48.6,18.2,70.2,122.2,855.4,7.8,10.4,78,104,816.4,156,192.4,387.4,5.2,135.2,13,49.4,0,0,36.4,93.6,0,0,353.6,72.8,161.2,65,78
Carmelo Anthony,NYK,27,1063.8,20,75,1862,152,149,69,64,237,67.2,27,54,97.2,1117.8,5.4,18.9,172.8,191.7,1428.3,78.3,164.7,710.1,64.8,70.2,70.2,199.8,10.8,35.1,59.4,129.6,29.7,70.2,342.9,78.3,159.3,59.4,78.3
Caron Butler,MIL,13,401.7,2,25,742,49,79,22,13,76,25.8,13,28.6,50.7,522.6,1.3,10.4,50.7,58.5,549.9,13,53.3,179.4,13,7.8,22.1,65,5.2,20.8,28.6,75.4,20.8,54.6,130,15.6,59.8,27.3,28.6
Carrick Felix,CLE,5,23,0,1,28,0,0,0,0,4,1.8,0,1,1,16,0,0,2,2,25,1,0,7,0,2,0,3,0,1,0,1,0,1,6,2,2,2,1
Cartier Martin,ATL,23,416.3,4,17,531,25,87,18,6,48,29.6,13.8,23,34.5,358.8,0,9.2,46,41.4,420.9,9.2,13.8,158.7,6.9,11.5,11.5,25.3,2.3,6.9,29.9,75.9,29.9,71.3,85.1,9.2,39.1,18.4,39.1
Chandler Parsons,HOU,27,1015.2,15,100,1591,40,132,171,120,136,73.2,32.4,37.8,78.3,1109.7,5.4,16.2,191.7,240.3,1339.2,43.2,64.8,467.1,118.8,37.8,18.9,43.2,2.7,16.2,45.9,105.3,40.5,89.1,234.9,27,108,56.7,70.2
Channing Frye,PHX,27,734.4,21,25,1289,6,187,15,8,146,47.4,24.3,86.4,172.8,985.5,0,13.5,48.6,64.8,645.3,18.9,59.4,299.7,8.1,27,2.7,16.2,0,2.7,67.5,151.2,54,121.5,240.3,45.9,99.9,29.7,83.7
Charles Hayes,SAC,15,159,2,6,217,0,0,0,0,42,10.7,10.5,18,34.5,175.5,1.5,1.5,16.5,15,99,22.5,28.5,28.5,0,10.5,0,0,0,0,0,0,0,0,76.5,13.5,28.5,7.05,18
Charles Hayes,TOR,2,3.8,0,0,8,0,0,0,0,0,0.3,0,0,1,7,0,2,1,0,6,2,2,0,0,0,0,0,0,0,0,0,0,0,0,0,0,0,1
Charles Hayes,TOTAL,17,163.2,2,6,225,0,0,0,0,42,10.9,10.2,18.7,35.7,181.9,1.7,3.4,17,15.3,105.4,23.8,30.6,28.9,0,10.2,0,0,0,0,0,0,0,0,76.5,13.6,27.2,6.8,18.7
Charlie Villanueva,DET,8,65.6,3,2,141,4,21,7,6,9,4.6,2.4,4,8.8,100,0,0,4.8,4.8,76.8,4.8,4.8,43.2,6.4,6.4,2.4,4,0,2.4,7.2,20.8,7.2,20,16.8,0,8.8,0.8,3.2
Chauncey Billups,DET,13,252.2,1,37,464,21,22,19,5,25,16.3,6.5,9.1,13,367.9,3.9,13,70.2,85.8,382.2,5.2,19.5,62.4,5.2,0,7.8,26,5.2,18.2,7.8,22.1,6.5,18.2,39,2.6,23.4,18.2,16.9
Chris Andersen,MIA,26,481,32,12,536,2,9,3,5,119,32.9,10.4,78,161.2,369.2,0,2.6,23.4,28.6,239.2,75.4,33.8,171.6,5.2,70.2,0,0,0,0,5.2,7.8,0,5.2,195,46.8,72.8,20.8,54.6
Chris Bosh,MIA,26,751.4,31,23,1209,29,122,25,31,160,47.8,23.4,96.2,171.6,829.4,0,26,57.2,54.6,764.4,91,163.8,384.8,31.2,101.4,13,36.4,0,5.2,54.6,122.2,13,39,254.8,54.6,104,36.4,75.4
Chris Copeland,IND,14,85.4,3,5,112,3,27,9,8,4,5.2,1.4,8.4,16.8,72.8,0,1.4,7,12.6,75.6,4.2,8.4,37.8,8.4,0,1.4,5.6,1.4,4.2,8.4,22.4,8.4,22.4,16.8,1.4,2.8,2.8,9.8
Chris Douglas-Roberts,CHA,3,54,2,2,36,0,0,2,1,2,3.8,0,0.9,3,27.9,0.9,0,3.9,6,27.9,2.1,0.9,3,0.9,0,0,0,0,0,0,2.1,0,2.1,9,0.9,0.9,0,3
Chris Kaman,LAL,16,278.4,15,16,569,12,36,9,7,91,19.6,4.8,35.2,91.2,401.6,1.6,1.6,40,36.8,318.4,41.6,73.6,124.8,6.4,24,6.4,16,0,1.6,17.6,41.6,0,0,160,38.4,52.8,27.2,33.6
Chris Paul,LAC,28,977.2,3,317,2724,230,49,155,88,132,65.8,67.2,36.4,58.8,2086,16.8,58.8,599.2,708.4,2396.8,30.8,198.8,537.6,86.8,19.6,106.4,243.6,16.8,64.4,16.8,42,14,30.8,224,19.6,112,70,70
Chris Singleton,WAS,7,109.2,2,2,162,6,15,7,5,25,7.9,4.9,4.9,9.8,116.2,0.7,0.7,4.9,4.2,116.2,4.2,9.1,34.3,4.9,4.2,2.8,11.2,0,0,4.9,13.3,4.9,11.9,39.2,4.2,21,7.7,11.9
Cody Zeller,CHA,29,524.9,15,33,1236,12,26,40,25,123,39,11.6,60.9,113.1,994.7,5.8,5.8,69.6,72.5,591.6,43.5,121.8,159.5,26.1,26.1,5.8,17.4,0,0,11.6,49.3,0,0,234.9,60.9,63.8,37.7,63.8
Cole Aldrich,NYK,11,37.4,1,4,75,0,0,0,0,20,2.5,1.1,5.5,6.6,60.5,0,4.4,6.6,9.9,29.7,5.5,3.3,7.7,0,4.4,0,0,0,0,0,0,0,0,24.2,4.4,16.5,5.5,3.3
Corey Brewer,MIN,28,935.2,10,41,1094,5,96,52,32,77,64.1,44.8,28,39.2,702.8,2.8,11.2,75.6,92.4,901.6,33.6,39.2,336,30.8,36.4,2.8,33.6,0,11.2,33.6,109.2,28,95.2,154,22.4,56,47.6,67.2
Cory Joseph,SAS,20,164,0,19,385,18,5,34,19,20,12.9,2,14,16,296,0,6,38,38,328,10,26,72,18,6,10,22,0,2,2,6,2,2,38,6,14,14,20
Courtney Lee,BOS,26,434.2,7,25,592,74,57,27,24,38,30.9,15.6,10.4,20.8,395.2,2.6,13,67.6,59.8,517.4,10.4,41.6,189.8,23.4,2.6,33.8,65,5.2,7.8,20.8,44.2,15.6,33.8,59.8,5.2,33.8,20.8,31.2
D.J. Augustin,CHI,6,183.6,0,39,458,24,18,27,12,10,12.9,7.2,4.8,7.8,373.2,4.8,7.2,88.8,90,418.2,4.2,19.8,60,12,0,9,22.8,6,15,6,15,6,15,19.8,3,7.2,13.02,16.98
D.J. Augustin,TOR,9,69.3,0,9,147,6,3,13,4,3,4.9,0,0.9,1.8,110.7,0,1.8,19.8,21.6,134.1,0.9,6.3,18.9,3.6,0,2.7,6.3,0,1.8,0.9,6.3,0.9,6.3,2.7,0,2.7,9,7.02
D.J. Augustin,TOTAL,15,253.5,0,48,605,30,21,40,16,13,17.9,7.5,6,10.5,484.5,4.5,9,109.5,112.5,552,4.5,25.5,79.5,16.5,0,12,28.5,6,16.5,7.5,21,7.5,21,22.5,3,10.5,21,22.5
Damian Lillard,POR,28,1013.6,10,163,2417,194,133,222,150,103,70.6,22.4,30.8,58.8,1761.2,11.2,36.4,313.6,389.2,2016,14,114.8,602,151.2,2.8,75.6,176.4,44.8,103.6,44.8,109.2,42,95.2,210,11.2,92.4,61.6,72.8
Daniel Orton,PHI,19,209,11,13,338,2,10,2,2,51,14.2,5.7,15.2,34.2,267.9,0,3.8,30.4,30.4,182.4,34.2,20.9,55.1,1.9,20.9,1.9,1.9,0,0,5.7,9.5,0,0,81.7,20.9,30.4,17.1,30.4
Danny Granger,IND,3,61.8,3,2,90,0,15,8,2,9,4.2,0.9,5.1,8.1,62.1,0,2.1,6,3.9,69,0,5.1,17.1,2.1,0,0,3.9,0,0,5.1,12.9,5.1,11.1,12,2.1,6.9,6,5.1
Danny Green,SAS,28,644,25,37,920,40,118,25,8,82,49.2,30.8,36.4,67.2,686,2.8,14,75.6,84,686,16.8,14,212.8,8.4,22.4,16.8,44.8,8.4,19.6,39.2,100.8,39.2,92.4,165.2,11.2,70,30.8,39.2
Dante Cunningham,MIN,28,554.4,19,30,938,2,88,2,0,117,40.8,22.4,72.8,114.8,744.8,0,8.4,56,70,473.2,14,154,148.4,0,11.2,0,5.6,0,0,44.8,112,0,0,240.8,39.2,78.4,11.2,50.4
Darius Miller,NOP,5,43,1,3,43,2,0,2,0,4,2.9,0,2,4,35,0,0,8,7,31,2,3,2,0,0,1,2,0,0,0,3,0,3,9,1,3,0,6
Darius Morris,PHI,12,194.4,0,31,424,16,20,37,22,13,15,8.4,3.6,7.2,316.8,2.4,4.8,55.2,68.4,376.8,4.8,19.2,82.8,21.6,2.4,6,25.2,3.6,9.6,7.2,15.6,6,13.2,19.2,3.6,9.6,19.2,21.6
Darrell Arthur,DEN,27,491.4,19,24,714,10,84,1,0,84,32.9,10.8,43.2,91.8,515.7,2.7,8.1,43.2,54,388.8,21.6,78.3,151.2,0,18.9,5.4,16.2,0,0,43.2,105.3,0,2.7,178.2,27,56.7,18.9,70.2
Darren Collison,LAC,29,527.8,7,52,1118,53,46,90,52,63,38.1,23.2,17.4,29,814.9,5.8,11.6,133.4,127.6,942.5,14.5,58,234.9,52.2,0,26.1,78.3,2.9,14.5,17.4,34.8,14.5,31.9,113.1,11.6,49.3,37.7,49.3
David Lee,GSW,28,960.4,8,56,1518,10,24,49,45,284,65,16.8,84,170.8,954.8,2.8,25.2,100.8,140,882,120.4,137.2,515.2,44.8,123.2,5.6,11.2,0,0,11.2,44.8,0,0,498.4,98,184.8,64.4,78.4
David West,IND,28,845.6,24,86,1652,46,101,27,18,188,51.5,25.2,61.6,126,1212.4,8.4,19.6,165.2,210,1019.2,117.6,243.6,369.6,16.8,81.2,22.4,64.4,0,2.8,50.4,95.2,0,2.8,313.6,70,117.6,50.4,61.6
DeAndre Jordan,LAC,29,1020.8,63,23,1405,0,2,6,1,380,65.8,29,142.1,261,1110.7,5.8,20.3,46.4,55.1,559.7,78.3,116,278.4,0,78.3,0,0,0,0,0,2.9,0,0,530.7,150.8,229.1,46.4,95.7
DeJuan Blair,DAL,27,567,7,35,813,0,14,3,2,189,36.9,35.1,67.5,118.8,564.3,2.7,2.7,54,83.7,434.7,94.5,108,224.1,2.7,75.6,0,8.1,0,0,8.1,16.2,0,0,332.1,83.7,105.3,37.8,89.1
DeMar DeRozan,TOR,25,970,13,83,1484,121,129,172,118,100,65.6,25,25,55,852.5,5,12.5,180,202.5,1342.5,25,132.5,530,117.5,17.5,60,175,2.5,15,52.5,132.5,25,70,157.5,22.5,77.5,60,57.5
DeMarcus Cousins,SAC,25,800,28,79,1538,18,42,74,49,276,51.1,45,92.5,175,905,7.5,17.5,135,180,997.5,182.5,140,562.5,50,120,10,35,0,2.5,20,50,0,2.5,410,95,182.5,87.5,100
DeMarre Carroll,ATL,28,856.8,8,48,1111,6,102,40,20,160,58.9,36.4,64.4,100.8,831.6,5.6,22.4,92.4,117.6,837.2,30.8,25.2,260.4,19.6,44.8,2.8,22.4,0,5.6,36.4,95.2,30.8,86.8,282.8,44.8,112,30.8,70
Dennis Schroder,ATL,12,162,0,30,418,4,3,52,19,12,12.2,3.6,3.6,9.6,325.2,0,10.8,56.4,68.4,362.4,2.4,20.4,43.2,19.2,0,2.4,10.8,0,3.6,1.2,7.2,1.2,6,21.6,1.2,10.8,19.2,15.6
Derek Fisher,OKC,26,364,0,28,418,25,26,18,14,33,24.4,15.6,7.8,13,319.8,2.6,5.2,59.8,62.4,340.6,0,28.6,78,13,0,10.4,26,2.6,10.4,10.4,33.8,5.2,26,52,5.2,26,10.4,39
Deron Williams,BKN,16,470.4,3,122,1213,61,55,84,29,38,32.8,9.6,14.4,24,948.8,14.4,28.8,233.6,289.6,1052.8,9.6,62.4,200,28.8,4.8,28.8,64,4.8,20.8,20.8,41.6,14.4,30.4,65.6,3.2,35.2,48,30.4
Derrick Favors,UTA,29,928,41,40,1790,16,48,11,8,261,63.8,31.9,133.4,275.5,1351.4,2.9,8.7,87,95.7,870,171.1,185.6,391.5,8.7,133.4,8.7,20.3,0,0,23.2,55.1,0,0,440.8,107.3,153.7,58,98.6
Derrick Rose,CHI,10,309,1,43,833,24,40,64,48,32,22.6,5,9,20,606,4,17,102,98,746,10,30,159,48,4,10,46,4,19,14,34,12,28,59,6,26,34,15
Derrick Williams,MIN,11,162.8,4,1,218,12,6,4,2,26,10.9,4.4,9.9,15.4,146.3,0,1.1,7.7,3.3,138.6,9.9,16.5,53.9,2.2,9.9,5.5,13.2,2.2,4.4,3.3,14.3,0,9.9,44,9.9,16.5,12.98,23.98
Derrick Williams,SAC,13,313.3,2,17,413,21,29,14,10,50,21.5,14.3,15.6,28.6,271.7,1.3,1.3,28.6,35.1,256.1,19.5,10.4,143,10.4,19.5,10.4,22.1,1.3,5.2,10.4,23.4,6.5,15.6,70.2,10.4,39,5.98,8.97
Derrick Williams,TOTAL,24,477.6,6,18,631,33,35,18,12,76,32.4,19.2,26.4,43.2,417.6,0,2.4,36,38.4,396,31.2,26.4,196.8,12,31.2,14.4,36,2.4,9.6,14.4,36,7.2,26.4,115.2,21.6,55.2,19.2,33.6
Dewayne Dedmon,GSW,4,5.6,0,0,8,0,0,0,0,0,0.4,0,0,0,5.2,0,0,0,0,2,0,1.2,1.2,0,0,0,0,0,0,0,1.2,0,0,1.2,0,0,0,1.2
Diante Garrett,UTA,21,302.4,0,51,686,6,21,42,26,25,21.3,16.8,6.3,18.9,567,4.2,8.4,98.7,115.5,609,2.1,29.4,65.1,25.2,0,2.1,23.1,0,2.1,6.3,14.7,6.3,14.7,48.3,2.1,23.1,25.2,12.6
Dion Waiters,CLE,22,633.6,6,55,955,84,97,164,87,71,44.4,22,22,39.6,561,0,13.2,103.4,129.8,873.4,6.6,83.6,327.8,88,2.2,41.8,99,2.2,13.2,35.2,77,24.2,52.8,118.8,13.2,57.2,55,46.2
Dionte Christmas,PHX,15,102,1,2,141,2,16,2,2,17,7.6,1.5,4.5,7.5,103.5,0,1.5,10.5,4.5,99,4.5,1.5,28.5,1.5,0,1.5,10.5,0,6,6,12,4.5,7.5,31.5,4.5,13.5,3,9
Dirk Nowitzki,DAL,27,888.3,21,79,1731,137,236,13,12,164,56.3,27,94.5,186.3,1163.7,8.1,10.8,153.9,186.3,1123.2,45.9,159.3,580.5,10.8,45.9,67.5,143.1,2.7,8.1,99.9,202.5,35.1,91.8,299.7,43.2,121.5,43.2,59.4
Donald Sloan,IND,13,96.2,0,13,195,7,8,10,8,18,6.8,5.2,2.6,2.6,152.1,1.3,1.3,29.9,32.5,159.9,1.3,9.1,29.9,7.8,2.6,2.6,9.1,1.3,6.5,2.6,6.5,2.6,6.5,22.1,2.6,15.6,5.2,6.5
Donatas Motiejunas,HOU,14,100.8,3,1,142,0,8,4,4,20,7.4,1.4,11.2,26.6,89.6,0,1.4,5.6,2.8,88.2,9.8,8.4,40.6,4.2,8.4,0,0,0,0,2.8,15.4,1.4,12.6,43.4,7,12.6,5.6,12.6
Dorell Wright,POR,28,392,4,17,547,14,93,13,8,66,28.1,8.4,16.8,36.4,394.8,2.8,5.6,44.8,42,372.4,16.8,19.6,145.6,8.4,2.8,5.6,25.2,2.8,8.4,30.8,75.6,30.8,75.6,112,11.2,53.2,14,22.4
Doron Lamb,ORL,11,85.8,0,7,107,8,5,2,0,2,5.9,0,3.3,4.4,82.5,0,1.1,12.1,16.5,85.8,1.1,3.3,15.4,0,0,3.3,5.5,2.2,3.3,2.2,12.1,1.1,9.9,7.7,0,2.2,4.4,4.4
Draymond Green,GSW,28,571.2,22,40,846,13,73,30,13,118,39.1,28,39.2,84,658,2.8,11.2,75.6,98,445.2,16.8,28,134.4,14,16.8,5.6,8.4,2.8,2.8,28,67.2,19.6,53.2,193.2,42,78.4,33.6,67.2
Dwight Buycks,TOR,12,121.2,0,10,261,4,15,25,9,20,8.9,6,1.2,4.8,198,0,3.6,25.2,25.2,235.2,3.6,12,40.8,9.6,3.6,2.4,15.6,0,4.8,4.8,9.6,4.8,9.6,37.2,2.4,18,6,9.6
Dwight Howard,HOU,29,988.9,55,54,1763,0,11,10,7,385,63.3,23.2,130.5,281.3,1206.4,5.8,14.5,107.3,133.4,948.3,203,95.7,542.3,5.8,168.2,0,2.9,0,0,5.8,8.7,0,2.9,548.1,136.3,249.4,95.7,98.6
Dwyane Wade,MIA,20,676,11,97,1195,74,38,130,88,95,45.5,40,28,54,758,6,22,176,226,958,70,110,398,88,56,38,94,0,2,16,40,4,10,146,18,78,66,46
E'Twaun Moore,ORL,26,543.4,3,43,600,33,56,57,29,50,39.2,20.8,20.8,36.4,413.4,5.2,7.8,91,98.8,520,13,23.4,163.8,28.6,7.8,15.6,36.4,2.6,7.8,18.2,57.2,18.2,46.8,93.6,7.8,41.6,18.2,33.8
Earl Clark,CLE,24,400.8,10,7,553,8,104,20,17,70,29.7,12,38.4,60,388.8,4.8,7.2,24,19.2,338.4,12,16.8,146.4,16.8,4.8,4.8,24,0,4.8,38.4,84,28.8,64.8,112.8,16.8,52.8,19.2,36
Earl Watson,POR,6,39.6,0,8,87,0,0,2,0,3,2.8,1.2,1.2,1.8,72,1.2,1.2,9,18,70.2,0,1.2,1.8,0,0,0,0,0,0,0,1.8,0,1.2,6,1.8,1.2,7.2,7.8
Ed Davis,MEM,21,357,19,11,519,6,18,2,2,81,25.3,4.2,27.3,71.4,369.6,0,4.2,25.2,25.2,254.1,58.8,69.3,138.6,2.1,46.2,2.1,8.4,0,0,8.4,18.9,0,0,165.9,33.6,46.2,14.7,37.8
Ekpe Udoh,MIL,25,550,31,20,786,10,10,7,6,107,36,12.5,67.5,152.5,622.5,0,12.5,37.5,45,442.5,50,117.5,110,5,47.5,5,10,0,0,5,20,0,0,235,35,70,27.5,70
Elias Harris,LAL,2,11.4,0,1,10,0,0,1,0,1,0.8,1,0,0,8,0,0,1,2,8,2,1,0,0,0,0,0,0,0,0,0,0,0,1,1,0,0,0
Elliot Williams,PHI,13,140.4,1,4,161,10,9,14,7,15,10,2.6,2.6,3.9,101.4,1.3,2.6,14.3,10.4,145.6,5.2,2.6,45.5,6.5,5.2,3.9,10.4,2.6,6.5,2.6,13,2.6,10.4,23.4,2.6,13,9.1,15.6
Elton Brand,ATL,20,230,18,12,375,2,20,2,2,73,15.4,6,36,80,296,2,6,22,32,200,30,38,60,2,22,2,6,0,0,10,22,0,0,114,32,40,10,32
Enes Kanter,UTA,30,801,22,24,1096,8,62,15,7,176,54.1,9,111,204,684,0,6,48,60,666,153,126,330,6,108,3,15,0,0,30,78,0,0,324,96,81,57,93
Eric Bledsoe,PHX,21,722.4,6,132,1610,119,27,155,122,95,48.6,31.5,18.9,56.7,1146.6,10.5,14.7,258.3,321.3,1386,18.9,102.9,396.9,121.8,8.4,50.4,117.6,18.9,42,10.5,37.8,6.3,29.4,153.3,21,75.6,71.4,50.4
Eric Gordon,NOP,26,824.2,6,80,1020,64,94,141,122,68,57,36.4,33.8,46.8,569.4,5.2,7.8,161.2,174.2,873.6,18.2,83.2,400.4,122.2,13,28.6,83.2,7.8,28.6,31.2,72.8,31.2,67.6,119.6,15.6,52,52,41.6
Eric Maynor,WAS,20,200,1,38,553,17,21,25,7,24,14.5,6,6,6,444,2,12,78,94,438,2,14,52,6,0,8,30,2,6,6,18,6,16,36,2,22,18,12
Erik Murphy,CHI,13,33.8,1,0,62,0,2,1,0,4,2.5,0,5.2,9.1,52,0,0,1.3,0,24.7,1.3,6.5,2.6,0,0,0,2.6,0,0,1.3,2.6,0,1.3,13,1.3,2.6,1.3,2.6
Ersan Ilyasova,MIL,17,472.6,3,28,895,11,63,14,4,79,31.4,18.7,49.3,95.2,698.7,0,10.2,61.2,66.3,540.6,27.2,95.2,134.3,3.4,27.2,5.1,13.6,1.7,1.7,28.9,85,5.1,32.3,149.6,30.6,49.3,28.9,40.8
Evan Fournier,DEN,23,276,3,16,367,9,30,41,18,31,20.3,2.3,16.1,25.3,241.5,0,2.3,29.9,34.5,280.6,13.8,20.7,89.7,18.4,6.9,4.6,16.1,0,6.9,9.2,29.9,9.2,25.3,69,9.2,23,16.1,41.4
Evan Turner,PHI,28,1027.6,0,111,1858,131,86,178,175,186,71,28,58.8,95.2,1204,11.2,22.4,235.2,257.6,1579.2,42,126,540.4,176.4,30.8,64.4,170.8,2.8,16.8,33.6,95.2,19.6,58.8,291.2,39.2,145.6,98,78.4
Francisco Garcia,HOU,28,610.4,23,37,777,24,121,36,31,77,41.4,16.8,33.6,67.2,560,5.6,2.8,64.4,89.6,616,8.4,14,196,30.8,2.8,11.2,28,2.8,8.4,42,117.6,39.2,112,120.4,14,64.4,22.4,58.8
Gal Mekel,DAL,22,246.4,1,43,595,12,17,60,24,21,18.3,4.4,2.2,4.4,468.6,6.6,13.2,94.6,107.8,503.8,4.4,17.6,68.2,24.2,4.4,6.6,22,0,4.4,6.6,15.4,4.4,13.2,37.4,6.6,15.4,24.2,24.2
Garrett Temple,WAS,23,239.2,3,22,423,8,5,13,9,24,17.6,6.9,11.5,20.7,340.4,0,6.9,46,55.2,328.9,2.3,18.4,36.8,9.2,2.3,4.6,18.4,0,2.3,2.3,13.8,0,6.9,39.1,6.9,16.1,18.4,27.6
Gary Neal,MIL,19,397.1,0,31,653,68,77,28,15,34,26.7,1.9,11.4,17.1,419.9,0,3.8,64.6,70.3,556.7,5.7,53.2,201.4,15.2,1.9,28.5,85.5,11.4,32.3,28.5,62.7,19,34.2,60.8,5.7,28.5,26.6,17.1
George Hill,IND,25,795,13,90,1728,53,85,64,46,90,53.5,25,27.5,47.5,1385,5,40,182.5,200,1455,12.5,45,270,45,15,22.5,87.5,7.5,25,30,70,27.5,65,175,12.5,77.5,37.5,50
Gerald Green,PHX,27,720.9,15,38,993,66,189,42,19,76,50.3,16.2,40.5,72.9,629.1,2.7,8.1,81,91.8,756,8.1,45.9,359.1,18.9,2.7,27,70.2,10.8,27,64.8,159.3,59.4,145.8,137.7,10.8,64.8,45.9,75.6
Gerald Henderson,CHA,29,954.1,12,80,1669,127,73,96,61,136,69.1,26.1,29,55.1,1157.1,2.9,23.2,174,182.7,1452.9,55.1,116,426.3,60.9,46.4,63.8,171.1,0,2.9,31.9,89.9,5.8,26.1,211.7,23.2,113.1,49.3,63.8
Gerald Wallace,BOS,29,678.6,5,72,1017,3,32,32,22,103,44.9,34.8,37.7,69.6,823.6,2.9,8.7,121.8,162.4,751.1,52.2,31.9,124.7,23.2,37.7,0,8.7,0,5.8,11.6,26.1,8.7,26.1,174,34.8,69.6,55.1,43.5
Giannis Antetokounmpo,MIL,22,466.4,16,27,687,13,20,30,20,92,33.4,11,26.4,61.6,519.2,4.4,6.6,59.4,61.6,459.8,37.4,35.2,151.8,19.8,37.4,4.4,11,2.2,6.6,6.6,24.2,6.6,19.8,171.6,30.8,61.6,22,41.8
Gigi Datome,DET,15,117,1,4,199,8,26,2,2,21,8,4.5,13.5,18,129,0,1.5,16.5,10.5,136.5,1.5,9,54,1.5,0,4.5,10.5,0,1.5,10.5,37.5,6,27,40.5,9,12,4.5,13.5
Glen Davis,ORL,17,537.2,10,32,872,21,67,34,18,114,34.6,22.1,61.2,110.5,584.8,5.1,10.2,57.8,74.8,559.3,47.6,83.3,226.1,18.7,30.6,10.2,23.8,1.7,1.7,32.3,74.8,1.7,1.7,207.4,49.3,64.6,32.3,52.7
Glen Rice,WAS,11,110,1,7,184,0,15,13,6,20,8.1,5.5,4.4,5.5,129.8,0,2.2,17.6,14.3,155.1,1.1,6.6,31.9,5.5,0,0,5.5,0,0,5.5,20.9,5.5,16.5,27.5,5.5,15.4,8.8,6.6
Goran Dragic,PHX,24,847.2,6,143,1800,119,53,218,100,73,61,26.4,31.2,52.8,1276.8,12,24,300,364.8,1615.2,19.2,122.4,441.6,100.8,12,52.8,127.2,12,40.8,19.2,50.4,14.4,43.2,132,16.8,57.6,60,55.2
Gordon Hayward,UTA,31,1128.4,20,145,2194,123,120,175,89,172,80.3,37.2,27.9,62,1543.8,18.6,46.5,325.5,341,1962.3,43.4,155,508.4,89.9,18.6,58.9,148.8,6.2,24.8,46.5,145.7,24.8,89.9,241.8,49.6,124,83.7,65.1
Gorgui Dieng,MIN,15,90,12,7,147,2,0,0,0,31,6,4.5,12,31.5,106.5,0,1.5,16.5,16.5,75,15,25.5,22.5,0,10.5,1.5,1.5,0,0,0,1.5,0,0,55.5,10.5,19.5,9,21
Greg Monroe,DET,30,1020,19,62,1603,6,12,39,35,270,66,33,111,231,1104,6,15,138,147,933,135,237,435,36,114,3,9,0,0,6,27,0,0,474,108,162,72,78
Greg Smith,HOU,8,68,1,0,91,0,0,0,0,22,4.6,0.8,10.4,18.4,64.8,0,0,2.4,0,39.2,8,7.2,30.4,0,2.4,0,0,0,0,0,0,0,0,35.2,8.8,12.8,4,14.4
Greg Stiemsma,NOP,8,123.2,8,3,239,0,0,0,0,37,8.7,0.8,19.2,36,208,2.4,0.8,14.4,7.2,100,8,26.4,16,0,4.8,0,0.8,0,0,0,0,0,0,67.2,16.8,20,8.8,18.4
Greivis Vasquez,SAC,17,453.9,1,92,1079,40,42,60,45,33,32,5.1,15.3,28.9,860.2,8.5,13.6,205.7,200.6,936.7,6.8,68,170,44.2,5.1,18.7,40.8,3.4,13.6,15.3,40.8,11.9,35.7,56.1,3.4,30.6,27.03,38.08
Greivis Vasquez,TOR,6,110.4,0,23,299,16,15,24,15,15,7.8,1.8,3,6,214.8,1.2,4.8,40.2,49.8,262.8,3,13.8,55.2,15,0,7.8,21,0,4.2,4.8,16.2,4.8,15,19.2,0,15,13.02,9
Greivis Vasquez,TOTAL,23,565.8,1,115,1378,56,57,84,60,48,39.7,6.9,18.4,34.5,1076.4,9.2,18.4,246.1,250.7,1198.3,9.2,82.8,225.4,59.8,4.6,25.3,62.1,4.6,18.4,20.7,57.5,16.1,50.6,75.9,2.3,46,39.1,46
Gustavo Ayon,ATL,9,145.8,4,7,285,0,2,4,2,38,10.3,6.3,29.7,48.6,240.3,0,3.6,15.3,15.3,147.6,21.6,27.9,38.7,1.8,7.2,0,0,0,0,0.9,2.7,0,0,71.1,17.1,20.7,5.4,18.9
Hamady Ndiaye,SAC,14,74.2,4,3,84,0,0,0,0,18,5.5,0,9.8,19.6,70,0,0,4.2,4.2,32.2,8.4,1.4,5.6,0,5.6,0,0,0,0,0,1.4,0,0,32.2,5.6,12.6,2.8,15.4
Harrison Barnes,GSW,24,777.6,4,42,894,36,84,76,63,99,56.2,24,31.2,55.2,571.2,2.4,21.6,81.6,98.4,679.2,19.2,40.8,292.8,62.4,16.8,19.2,62.4,0,7.2,31.2,62.4,21.6,50.4,196.8,24,74.4,36,55.2
Hasheem Thabeet,OKC,4,32,0,1,43,0,0,0,0,11,2.2,0,3.2,6,33.2,0,1.2,5.2,2,19.2,2,4,6,0,2,0,0,0,0,0,0,0,0,18,3.2,8,2,7.2
Henry Sims,CLE,7,37.1,2,1,56,0,0,0,0,17,2.6,0,2.8,4.2,39.9,0,0.7,2.1,2.8,32.2,4.2,7,9.8,0,2.1,0,0,0,0,0,6.3,0,0,23.8,4.2,13.3,2.8,9.1
Hilton Armstrong,GSW,5,19.5,1,0,19,0,0,0,0,11,1.3,0,1,1,14,0,0,0,0,9,2,0,2,0,2,0,0,0,0,0,0,0,0,14,4,7,0,1
Hollis Thompson,PHI,26,548.6,4,22,601,9,65,23,11,94,41.4,13,26,44.2,423.8,2.6,5.2,52,54.6,468,28.6,13,156,10.4,18.2,5.2,7.8,0,2.6,23.4,59.8,18.2,46.8,158.6,33.8,59.8,20.8,41.6
Ian Clark,UTA,8,70.4,1,5,96,5,8,7,8,7,5.2,0.8,2.4,2.4,63.2,0.8,2.4,6.4,10.4,91.2,0.8,3.2,22.4,8,0,2.4,4.8,0.8,0.8,3.2,10.4,2.4,8,10.4,0.8,6.4,4,8.8
Ian Mahinmi,IND,27,423.9,23,9,450,0,4,2,2,82,28.1,16.2,70.2,145.8,340.2,0,2.7,24.3,21.6,229.5,48.6,24.3,81,2.7,45.9,0,0,0,0,2.7,13.5,0,0,178.2,48.6,32.4,21.6,75.6
Iman Shumpert,NYK,27,756,5,52,928,42,58,42,31,126,52.9,32.4,29.7,54,699.3,2.7,18.9,124.2,126.9,702,10.8,29.7,170.1,29.7,2.7,18.9,56.7,2.7,13.5,18.9,64.8,18.9,54,197.1,32.4,91.8,29.7,78.3
Isaiah Thomas,SAC,26,816.4,0,145,1983,137,78,213,134,65,54.8,39,13,26,1411.8,13,31.2,325,340.6,1736.8,20.8,153.4,488.8,135.2,13,57.2,135.2,23.4,59.8,26,59.8,23.4,52,127.4,7.8,57.2,72.8,62.4
Ish Smith,PHX,16,169.6,3,29,407,9,0,23,15,19,12.8,11.2,6.4,11.2,323.2,1.6,8,65.6,70.4,345.6,3.2,14.4,38.4,14.4,0,4.8,22.4,1.6,3.2,0,6.4,0,6.4,44.8,4.8,14.4,14.4,11.2
J.R. Smith,NYK,22,701.8,4,62,1191,52,136,71,45,98,46,24.2,22,37.4,844.8,4.4,13.2,132,151.8,915.2,11,59.4,253,44,4.4,24.2,90.2,4.4,30.8,46.2,112.2,44,103.4,143,15.4,81.4,33,59.4
JJ Hickson,DEN,27,677.7,21,28,1076,12,24,10,3,233,47.4,16.2,83.7,148.5,734.4,5.4,13.5,64.8,67.5,542.7,143.1,91.8,297,2.7,110.7,5.4,18.9,0,0,10.8,35.1,0,0,367.2,86.4,145.8,43.2,64.8
JJ Redick,LAC,17,482.8,3,34,596,56,112,26,21,38,36.9,15.3,17,28.9,346.8,1.7,8.5,59.5,76.5,521.9,20.4,49.3,268.6,20.4,20.4,25.5,62.9,6.8,20.4,42.5,100.3,25.5,68,59.5,1.7,35.7,17,37.4
JaVale McGee,DEN,5,80,7,2,112,2,2,0,0,17,5.1,1,13,20,66,0,1,4,4,60,24,4,35,0,16,1,3,0,0,1,4,0,0,33,11,6,8,16
Jae Crowder,DAL,28,501.2,10,27,770,9,80,23,16,77,35.6,22.4,25.2,47.6,579.6,0,8.4,64.4,58.8,520.8,11.2,16.8,168,16.8,11.2,2.8,22.4,0,8.4,28,75.6,25.2,67.2,140,25.2,53.2,22.4,33.6
Jamaal Franklin,MEM,13,126.1,1,4,134,3,10,4,2,19,8.9,3.9,6.5,10.4,91,1.3,2.6,10.4,11.7,96.2,2.6,6.5,27.3,2.6,0,1.3,7.8,1.3,1.3,3.9,10.4,2.6,6.5,28.6,5.2,14.3,6.5,15.6
Jamaal Tinsley,UTA,8,114.4,0,23,309,5,0,6,2,11,7.5,2.4,4.8,6.4,272,0.8,4,48,48,260.8,0,8,8.8,2.4,0,2.4,3.2,0.8,2.4,0,12.8,0,12.8,15.2,0.8,10.4,8.8,10.4
Jamal Crawford,LAC,29,843.9,4,76,1270,177,123,68,62,71,55.7,23.2,17.4,34.8,730.8,11.6,17.4,145,176.9,1096.2,8.7,121.8,484.3,60.9,8.7,78.3,185.6,20.3,58,40.6,121.8,37.7,113.1,107.3,8.7,63.8,60.9,40.6
Jameer Nelson,ORL,25,837.5,3,153,1876,94,87,185,67,92,55.6,22.5,25,40,1392.5,17.5,22.5,340,357.5,1530,22.5,85,330,67.5,15,35,107.5,25,70,30,82.5,30,77.5,170,5,87.5,65,57.5
James Anderson,PHI,28,831.6,10,49,880,39,87,71,39,92,60.7,22.4,28,56,568.4,2.8,16.8,109.2,117.6,770,25.2,28,277.2,39.2,22.4,16.8,53.2,5.6,28,28,86.8,28,84,182,19.6,70,39.2,42
James Harden,HOU,23,887.8,11,129,1579,105,94,138,125,104,54.6,34.5,25.3,48.3,968.3,11.5,25.3,264.5,301.3,1370.8,20.7,85.1,549.7,124.2,6.9,46,128.8,16.1,59.8,32.2,87.4,27.6,80.5,177.1,16.1,87.4,92,59.8
James Johnson,MEM,4,88.4,4,7,121,0,15,7,6,15,6.2,4,6,10,94,0,1.2,17.2,15.2,98,4,8,27.2,6,0,0,2,0,1.2,5.2,9.2,5.2,9.2,24,2,13.2,4,6
James Jones,MIA,9,63,1,4,84,3,21,0,0,5,4.5,0.9,2.7,2.7,60.3,0,0.9,8.1,8.1,61.2,0.9,2.7,27.9,0,0,0.9,5.4,0.9,1.8,7.2,14.4,7.2,12.6,11.7,0.9,3.6,0.9,0
James Southerland,CHA,1,2.8,0,0,5,0,0,0,0,0,0.2,0,0,1,2,0,0,0,0,4,0,0,0,0,0,0,1,0,0,0,2,0,1,0,0,0,0,0
Jan Vesely,WAS,17,300.9,9,6,438,2,0,4,1,72,22.2,18.7,30.6,54.4,358.7,0,1.7,13.6,11.9,200.6,27.2,23.8,49.3,1.7,15.3,1.7,1.7,0,0,0,6.8,0,0,108.8,37.4,35.7,18.7,39.1
Jannero Pargo,CHA,4,18,0,1,46,6,3,3,0,0,1.3,1.2,0,1.2,29.2,0,0,5.2,2,44,0,3.2,10,0,0,3.2,5.2,0,0,1.2,5.2,1.2,4,1.2,0,0,5.2,2
Jared Cunningham,ATL,3,8.4,0,1,6,0,0,1,0,1,0.6,0,0,0,3.9,0,0.9,2.1,3,6,0,0,0,0,0,0,0,0,0,0,0,0,0,2.1,0,0.9,0.9,0
Jared Dudley,LAC,29,861.3,3,46,959,28,178,31,16,61,60.9,20.3,60.9,95.7,675.7,5.8,11.6,87,116,733.7,2.9,46.4,266.8,17.4,2.9,11.6,31.9,2.9,5.8,69.6,159.5,40.6,110.2,136.3,11.6,49.3,29,78.3
Jared Sullinger,BOS,27,729,15,46,1200,34,98,33,19,191,46.5,10.8,94.5,186.3,791.1,5.4,8.1,86.4,108,831.6,118.8,105.3,380.7,18.9,91.8,16.2,35.1,0,2.7,37.8,91.8,21.6,64.8,315.9,72.9,118.8,43.2,86.4
Jarrett Jack,CLE,27,729,9,100,1495,132,56,61,40,75,50,18.9,10.8,29.7,1125.9,5.4,18.9,226.8,240.3,1304.1,5.4,97.2,267.3,40.5,0,62.1,159.3,8.1,27,18.9,45.9,18.9,37.8,116.1,8.1,67.5,51.3,35.1
Jason Maxiell,ORL,20,330,13,4,362,2,20,2,0,55,23,4,38,62,266,2,6,12,10,160,42,12,86,0,36,2,4,0,0,10,28,0,0,110,14,40,8,32
Jason Smith,NOP,24,679.2,27,20,1239,6,148,12,12,150,47.9,9.6,81.6,168,955.2,2.4,9.6,64.8,48,556.8,40.8,148.8,242.4,12,36,2.4,7.2,0,0,74.4,151.2,0,0,254.4,48,100.8,19.2,74.4
Jason Terry,BKN,12,206.4,0,17,300,13,42,16,8,15,14.1,3.6,1.2,2.4,226.8,2.4,6,36,38.4,249.6,2.4,15.6,69.6,8.4,2.4,4.8,20.4,3.6,9.6,15.6,33.6,12,28.8,25.2,2.4,13.2,8.4,19.2
Jason Thompson,SAC,26,605.8,18,24,931,6,36,5,2,140,43.8,7.8,54.6,111.8,696.8,2.6,13,49.4,54.6,421.2,65,75.4,187.2,2.6,57.2,2.6,5.2,0,0,18.2,49.4,0,0,262.6,54.6,85.8,33.8,85.8
Jeff Adrien,CHA,17,214.2,12,4,180,0,0,0,0,73,14.1,5.1,30.6,68,137.7,0,1.7,10.2,8.5,83.3,18.7,8.5,47.6,0,10.2,0,1.7,0,0,0,1.7,0,0,134.3,37.4,35.7,3.4,25.5
Jeff Ayres,SAS,26,325,7,20,562,2,4,0,0,86,23,7.8,44.2,75.4,465.4,2.6,13,39,46.8,288.6,52,46.8,62.4,0,31.2,0,0,0,0,2.6,13,0,0,148.2,28.6,57.2,23.4,46.8
Jeff Green,BOS,29,980.2,13,45,1380,88,96,103,96,131,63.8,11.6,46.4,89.9,887.4,0,11.6,107.3,107.3,1096.2,34.8,60.9,466.9,95.7,31.9,37.7,104.4,14.5,29,34.8,92.8,29,75.4,220.4,40.6,89.9,58,55.1
Jeff Taylor,CHA,26,634.4,5,22,782,13,59,44,29,60,46,13,26,52,507,2.6,10.4,52,49.4,657.8,52,44.2,208,28.6,46.8,5.2,33.8,0,2.6,20.8,88.4,18.2,62.4,117,15.6,44.2,26,62.4
Jeff Teague,ATL,28,921.2,4,225,2245,95,35,275,157,80,60.2,36.4,16.8,28,1615.6,19.6,47.6,439.6,526.4,2069.2,22.4,142.8,450.8,156.8,14,44.8,123.2,8.4,28,11.2,47.6,11.2,39.2,137.2,11.2,70,95.2,61.6
Jeff Withey,NOP,12,68.4,2,4,96,0,0,0,0,17,4.9,2.4,8.4,21.6,76.8,1.2,1.2,3.6,8.4,38.4,6,8.4,21.6,0,3.6,0,0,0,0,0,1.2,0,0,40.8,4.8,12,3.6,8.4
Jeremy Evans,UTA,18,365.4,17,19,671,10,20,1,0,102,27,10.8,37.8,82.8,522,1.8,5.4,46.8,45,322.2,46.8,64.8,133.2,0,39.6,5.4,7.2,0,0,10.8,34.2,0,0,180,43.2,57.6,12.6,46.8
Jeremy Lamb,OKC,27,564.3,10,32,668,66,101,37,27,64,39.5,16.2,24.3,35.1,413.1,5.4,10.8,64.8,72.9,561.6,16.2,45.9,253.8,27,16.2,29.7,56.7,5.4,18.9,35.1,94.5,29.7,70.2,118.8,13.5,51.3,13.5,56.7
Jeremy Lin,HOU,19,556.7,8,78,1127,28,69,158,103,46,39.2,22.8,24.7,62.7,820.8,9.5,13.3,142.5,190,953.8,9.5,43.7,277.4,102.6,1.9,11.4,47.5,3.8,22.8,24.7,47.5,20.9,43.7,121.6,7.6,39.9,55.1,43.7
Jermaine O'Neal,GSW,16,297.6,14,5,348,2,4,2,0,74,19.2,6.4,48,97.6,232,1.6,1.6,12.8,12.8,163.2,33.6,20.8,97.6,0,30.4,1.6,4.8,0,0,1.6,9.6,0,0,148.8,28.8,46.4,22.4,38.4
Jerryd Bayless,MEM,25,527.5,5,50,996,46,57,56,38,50,36.1,20,15,25,715,5,25,112.5,122.5,882.5,5,60,197.5,37.5,2.5,22.5,77.5,0,10,20,65,17.5,50,80,10,40,20,57.5
Jimmer Fredette,SAC,15,150,0,16,274,36,8,23,12,22,10.6,7.5,4.5,9,181.5,1.5,1.5,36,34.5,235.5,0,19.5,70.5,12,0,15,33,6,10.5,3,9,1.5,6,28.5,3,19.5,10.5,7.5
Jimmy Butler,CHI,14,413,10,18,521,10,50,29,23,53,29.8,23.8,19.6,37.8,351.4,0,12.6,49,39.2,428.4,18.2,22.4,155.4,22.4,15.4,5.6,25.2,0,4.2,18.2,42,14,33.6,113.4,12.6,40.6,18.2,14
Joakim Noah,CHI,25,800,27,86,1678,2,14,21,16,247,55.4,27.5,75,167.5,1350,7.5,12.5,157.5,195,830,115,190,265,15,87.5,0,5,0,0,7.5,25,0,0,432.5,95,152.5,45,80
Jodie Meeks,LAL,28,845.6,1,35,938,38,147,68,52,77,59.8,28,19.6,30.8,590.8,8.4,11.2,70,89.6,800.8,22.4,16.8,358.4,53.2,22.4,14,56,8.4,28,50.4,114.8,47.6,106.4,114.8,11.2,64.4,36.4,39.2
Joe Johnson,BKN,26,897,7,72,1294,100,161,83,68,86,60,13,20.8,39,858,7.8,26,163.8,171.6,1102.4,39,98.8,429,67.6,20.8,44.2,122.2,10.4,31.2,57.2,119.6,46.8,101.4,130,20.8,65,31.2,46.8
Joel Anthony,MIA,8,33.6,4,0,30,0,0,0,0,6,2.5,0,7.2,11.2,24,0,0,0,0,11.2,2.4,2.4,4,0,2.4,0,0,0,0,0,2.4,0,0,16.8,0,6.4,0.8,4
Joel Freeland,POR,27,407.7,15,24,506,2,22,3,2,100,28.8,5.4,70.2,135,380.7,2.7,8.1,40.5,64.8,253.8,51.3,54,89.1,2.7,29.7,0,2.7,0,0,10.8,27,0,2.7,199.8,37.8,62.1,24.3,51.3
John Henson,MIL,26,761.8,61,48,1317,6,18,12,7,213,51.5,18.2,83.2,197.6,967.2,5.2,18.2,96.2,119.6,793,148.2,119.6,325,7.8,132.6,2.6,13,0,0,7.8,36.4,0,0,343.2,88.4,124.8,39,59.8
John Jenkins,ATL,13,158.6,1,11,214,7,13,11,4,22,11.5,1.3,9.1,13,154.7,0,5.2,18.2,27.3,166.4,6.5,6.5,40.3,3.9,3.9,2.6,5.2,1.3,2.6,5.2,19.5,2.6,15.6,33.8,5.2,16.9,10.4,10.4
John Lucas III,UTA,24,434.4,0,36,951,26,63,34,10,27,32.2,9.6,7.2,14.4,772.8,2.4,14.4,86.4,81.6,840,2.4,38.4,122.4,9.6,2.4,12,50.4,0,4.8,21.6,57.6,21.6,52.8,40.8,2.4,24,14.4,24
John Salmons,SAC,17,421.6,8,41,510,29,41,37,11,45,28.1,10.2,15.3,28.9,372.3,1.7,10.2,85,95.2,418.2,10.2,44.2,102,10.2,0,13.6,44.2,1.7,3.4,13.6,37.4,13.6,32.3,73.1,6.8,39.1,13.94,31.96
John Salmons,TOR,6,154.2,1,10,208,16,12,19,5,19,10.1,4.8,7.2,10.8,162,0,4.8,28.2,25.2,181.2,1.8,13.2,40.2,4.8,3,7.2,19.8,1.8,4.2,4.2,7.8,4.2,7.8,28.8,3,16.2,4.98,13.98
John Salmons,TOTAL,23,577.3,9,51,718,45,53,56,16,64,38.2,16.1,23,39.1,533.6,0,16.1,112.7,119.6,600.3,11.5,57.5,142.6,16.1,2.3,20.7,64.4,2.3,6.9,18.4,46,16.1,39.1,101.2,9.2,55.2,18.4,43.7
John Wall,WAS,25,945,11,228,2518,167,51,144,77,108,63.7,55,17.5,30,1862.5,20,50,467.5,550,2190,5,110,490,77.5,2.5,77.5,230,10,45,17.5,50,17.5,47.5,172.5,12.5,95,92.5,60
Jon Leuer,MEM,18,361.8,7,13,685,6,70,23,18,87,26.2,9,25.2,46.8,500.4,0,9,37.8,28.8,356.4,32.4,72,171,18,28.8,3.6,12.6,0,1.8,28.8,59.4,14.4,25.2,174.6,28.8,59.4,14.4,32.4
Jonas Jerebko,DET,20,158,2,9,282,8,21,8,5,30,11.7,6,10,28,208,2,2,18,18,154,16,10,68,6,16,4,10,0,2,6,22,6,16,60,14,16,16,20
Jonas Valanciunas,TOR,25,717.5,29,19,1116,0,22,8,8,201,48.7,10,107.5,210,820,0,10,47.5,45,557.5,112.5,80,257.5,7.5,90,0,2.5,0,0,10,27.5,0,0,370,87.5,112.5,42.5,72.5
Jordan Crawford,BOS,29,887.4,2,158,2138,167,54,145,96,91,58.4,26.1,11.6,20.3,1641.4,8.7,31.9,313.2,371.2,1832.8,11.6,98.6,394.4,95.7,8.7,72.5,165.3,23.2,66.7,20.3,49.3,17.4,43.5,127.6,14.5,75.4,60.9,52.2
Jordan Farmar,LAL,18,343.8,4,80,865,60,35,81,41,53,25.5,12.6,12.6,21.6,649.8,5.4,12.6,156.6,196.2,730.8,1.8,28.8,165.6,41.4,0,23.4,55.8,12.6,28.8,12.6,32.4,9,27,79.2,10.8,41.4,37.8,27
Jordan Hamilton,DEN,24,453.6,7,22,587,38,79,37,22,99,32.1,26.4,28.8,48,367.2,2.4,4.8,40.8,57.6,400.8,12,21.6,194.4,21.6,9.6,14.4,45.6,7.2,26.4,26.4,67.2,24,60,172.8,24,74.4,21.6,19.2
Jordan Hill,LAL,28,579.6,22,26,968,2,26,4,5,217,40.6,8.4,78.4,162.4,702.8,2.8,11.2,47.6,72.8,478.8,98,64.4,260.4,5.6,92.4,0,8.4,0,0,14,25.2,0,0,352.8,100.8,117.6,28,67.2
Jose Calderon,DAL,27,839.7,2,127,2054,89,182,54,22,53,61,24.3,43.2,67.5,1701,8.1,32.4,234.9,299.7,1593,5.4,54,332.1,21.6,2.7,37.8,89.1,10.8,27,62.1,129.6,59.4,124.2,99.9,8.1,43.2,35.1,54
Jose Juan Barea,MIN,28,534.8,0,101,1291,84,33,152,82,55,38.7,11.2,11.2,19.6,966,8.4,14,240.8,232.4,1106,11.2,44.8,224,81.2,2.8,33.6,98,16.8,50.4,11.2,33.6,11.2,30.8,92.4,8.4,44.8,33.6,39.2
Josh Childress,NOP,4,24,0,2,23,0,0,2,0,3,1.7,1.2,1.2,1.2,22,0,1.2,2,4,11.2,0,2,0,0,0,0,0,0,0,0,0,0,0,5.2,1.2,2,1.2,1.2
Josh Harrellson,DET,21,195.3,10,10,260,6,28,5,4,45,13,4.2,18.9,44.1,191.1,0,0,21,21,130.2,8.4,21,63,4.2,6.3,2.1,6.3,0,2.1,10.5,21,8.4,18.9,84,23.1,21,6.3,25.2
Josh McRoberts,CHA,28,823.2,15,117,2112,9,101,55,35,152,57.9,25.2,78.4,128.8,1842.4,11.2,16.8,229.6,254.8,1156.4,30.8,190.4,224,36.4,19.6,2.8,14,0,2.8,36.4,103.6,28,84,282.8,53.2,100.8,30.8,75.6
Josh Smith,DET,30,1074,45,100,1692,22,127,88,62,196,68,48,102,216,1092,9,24,174,225,1215,81,90,474,63,54,9,54,3,12,48,153,30,105,351,63,135,75,81
Jrue Holiday,NOP,26,899.6,10,211,2119,153,38,198,124,112,64.6,41.6,31.2,52,1593.8,23.4,20.8,377,486.2,1697.8,23.4,114.4,392.6,124.8,20.8,67.6,161.2,18.2,44.2,13,33.8,10.4,23.4,187.2,26,85.8,80.6,75.4
Julyan Stone,TOR,12,88.8,0,10,183,0,6,12,8,7,6.3,1.2,2.4,6,158.4,3.6,0,30,27.6,152.4,3.6,4.8,18,8.4,2.4,0,1.2,0,0,2.4,7.2,2.4,7.2,15.6,2.4,4.8,3.6,9.6
Kawhi Leonard,SAS,27,777.6,10,46,1072,63,69,66,34,171,57.4,48.6,37.8,72.9,718.2,2.7,10.8,91.8,110.7,845.1,45.9,37.8,332.1,35.1,43.2,29.7,78.3,5.4,8.1,27,70.2,16.2,59.4,267.3,56.7,113.4,29.7,51.3
Keith Bogans,BOS,4,28.8,0,0,34,0,0,1,0,1,1.9,1.2,0,0,30,0,0,2,0,27.2,0,1.2,0,0,0,0,0,0,0,0,2,0,2,6,0,1.2,1.2,1.2
Kelly Olynyk,BOS,19,383.8,5,30,713,2,30,16,6,90,27.6,7.6,51.3,85.5,518.7,1.9,7.6,55.1,70.3,387.6,34.2,58.9,125.4,5.7,28.5,1.9,7.6,0,0,11.4,49.4,5.7,24.7,165.3,39.9,49.4,36.1,62.7
Kemba Walker,CHA,29,1032.4,16,133,2883,194,100,172,117,127,71.4,43.5,31.9,58,2206.9,11.6,43.5,295.8,301.6,2543.3,11.6,136.3,542.3,116,5.8,89.9,220.4,17.4,46.4,34.8,95.7,29,78.3,226.2,31.9,95.7,78.3,46.4
Kendall Marshall,LAL,2,10,0,0,22,3,0,2,0,1,0.7,0,0,0,16,0,0,2,0,16,1,0,3,0,0,1,1,1,1,0,1,0,1,1,0,1,4,0
Kendrick Perkins,OKC,25,457.5,14,32,671,0,2,3,2,89,30,10,27.5,70,552.5,2.5,5,55,70,312.5,50,60,72.5,2.5,32.5,0,2.5,0,0,0,2.5,0,0,175,30,57.5,35,75
Kenneth Faried,DEN,26,613.6,21,21,920,6,16,11,8,209,43.5,18.2,57.2,109.2,650,0,7.8,41.6,46.8,418.6,96.2,54.6,254.8,7.8,70.2,2.6,5.2,0,0,7.8,18.2,0,2.6,369.2,83.2,124.8,26,46.8
Kent Bazemore,GSW,24,153.6,3,9,252,19,10,18,17,24,11.3,7.2,4.8,14.4,163.2,0,4.8,26.4,24,204,0,7.2,60,16.8,0,7.2,24,4.8,12,4.8,12,2.4,7.2,36,2.4,21.6,19.2,28.8
Kentavious Caldwell-Pope,DET,28,658,2,24,704,20,94,19,13,63,45.6,28,16.8,22.4,467.6,0,14,39.2,56,532,14,33.6,196,14,11.2,11.2,39.2,0,8.4,33.6,103.6,25.2,72.8,106.4,11.2,53.2,11.2,56
Kenyon Martin,NYK,19,374.3,17,32,488,0,18,5,4,82,22.9,19,34.2,70.3,397.1,3.8,7.6,57,74.1,292.6,30.4,62.7,72.2,3.8,30.4,0,1.9,0,0,9.5,20.9,0,1.9,123.5,34.2,47.5,11.4,45.6
Kevin Durant,OKC,27,1028.7,25,128,1771,161,127,125,119,218,68,43.2,29.7,72.9,1053,10.8,16.2,232.2,297,1428.3,54,137.7,758.7,118.8,51.3,72.9,170.1,16.2,29.7,45.9,129.6,32.4,86.4,294.3,51.3,167.4,91.8,56.7
Kevin Garnett,BKN,24,528,17,44,1202,36,64,8,5,171,35.4,21.6,50.4,112.8,945.6,0,12,72,103.2,643.2,60,136.8,160.8,4.8,26.4,19.2,60,0,0,31.2,76.8,0,2.4,242.4,55.2,117.6,26.4,72
Kevin Love,MIN,27,990.9,10,114,2440,56,195,23,18,374,64.4,21.6,143.1,232.2,1733.4,16.2,18.9,234.9,267.3,1390.5,164.7,329.4,699.3,18.9,145.8,24.3,83.7,10.8,37.8,70.2,164.7,54,129.6,575.1,145.8,226.8,70.2,48.6
Kevin Martin,MIN,26,876.2,1,57,1299,104,154,69,45,91,58.2,33.8,15.6,23.4,780,5.2,15.6,130,140.4,1136.2,28.6,78,525.2,44.2,33.8,46.8,140.4,10.4,31.2,57.2,130,41.6,96.2,127.4,13,78,44.2,46.8
Kevin Seraphin,WAS,20,194,8,6,304,2,10,2,2,40,13.7,2,16,36,190,0,6,16,12,176,44,32,94,2,32,2,6,0,0,6,16,0,0,72,16,26,18,44
Khris Middleton,MIL,27,799.2,8,47,1203,72,135,54,28,115,56,24.3,35.1,75.6,864,8.1,8.1,91.8,113.4,907.2,24.3,78.3,326.7,27,18.9,35.1,81,2.7,8.1,51.3,105.3,35.1,72.9,191.7,29.7,83.7,32.4,78.3
Kirk Hinrich,CHI,21,676.2,7,109,1634,60,55,69,35,67,50.1,25.2,25.2,48.3,1346.1,4.2,42,249.9,245.7,1474.2,4.2,44.1,180.6,35.7,4.2,25.2,71.4,8.4,23.1,21,60.9,14.7,52.5,123.9,12.6,54.6,48.3,63
Klay Thompson,GSW,28,1072.4,13,75,1194,96,266,66,41,92,75.5,25.2,28,70,627.2,11.2,14,128.8,176.4,1002.4,22.4,120.4,537.6,42,22.4,44.8,123.2,5.6,25.2,98,218.4,72.8,165.2,162.4,22.4,70,61.6,89.6
Kobe Bryant,LAL,6,177.6,1,38,457,25,5,24,13,26,11.5,7.2,13.2,22.2,327,3,9,70.8,82.8,385.8,9,49.2,82.8,13.2,0,12,37.2,1.2,7.2,1.8,10.2,1.2,7.8,43.8,6,19.8,34.2,9
Kosta Koufos,MEM,27,583.2,30,21,973,2,8,0,0,189,41.2,13.5,67.5,145.8,707.4,5.4,10.8,48.6,45.9,502.2,153.9,105.3,199.8,0,99.9,0,8.1,0,0,2.7,16.2,0,0,326.7,81,108,27,70.2
Kris Humphries,BOS,22,345.4,16,16,657,12,32,9,6,96,23.9,6.6,48.4,103.4,523.6,0,6.6,39.6,33,319,44,55,129.8,6.6,44,6.6,15.4,0,0,15.4,35.2,0,0,182.6,37.4,57.2,17.6,33
Kyle Korver,ATL,24,818.4,8,60,1036,29,244,12,7,93,59.3,24,57.6,93.6,777.6,7.2,14.4,105.6,132,751.2,19.2,64.8,307.2,7.2,7.2,14.4,33.6,0,7.2,86.4,158.4,72,129.6,182.4,21.6,72,36,55.2
Kyle Lowry,TOR,25,922.5,4,177,2257,93,101,137,73,95,61.5,45,35,65,1780,15,30,357.5,402.5,1950,30,102.5,382.5,72.5,7.5,35,112.5,20,65,35,85,32.5,80,192.5,25,70,57.5,82.5
Kyle O'Quinn,ORL,18,190.8,12,11,349,0,28,0,0,59,12.8,1.8,16.2,46.8,275.4,0,1.8,16.2,21.6,185.4,12.6,23.4,57.6,0,14.4,0,1.8,0,0,14.4,27,0,0,95.4,21.6,37.8,12.6,30.6
Kyle Singler,DET,30,696,14,18,830,21,72,35,36,100,52.6,12,48,96,588,3,6,45,42,495,36,21,246,36,36,9,27,3,9,24,69,21,60,210,36,63,21,72
Kyrie Irving,CLE,27,936.9,9,162,2187,201,79,212,150,82,65.5,27,27,51.3,1479.6,8.1,16.2,324,367.2,1968.3,32.4,102.6,580.5,151.2,24.3,86.4,213.3,29.7,70.2,29.7,99.9,16.2,64.8,180.9,18.9,64.8,81,62.1
LaMarcus Aldridge,POR,28,1044.4,23,79,1910,142,170,19,10,309,69.2,30.8,114.8,226.8,1195.6,5.6,16.8,168,207.2,1173.2,114.8,260.4,646.8,11.2,92.4,70,176.4,0,2.8,84,173.6,0,2.8,470.4,95.2,215.6,50.4,53.2
Lance Stephenson,IND,28,991.2,3,143,1528,60,88,105,75,187,63.7,22.4,22.4,39.2,1083.6,14,22.4,254.8,336,1285.2,39.2,58.8,375.2,75.6,39.2,28,72.8,2.8,11.2,30.8,84,28,72.8,277.2,53.2,134.4,72.8,70
Lance Thomas,NOP,5,42.5,0,3,39,0,0,0,0,7,3.1,0,4,5,24,0,1,3,7,23,7,5,6,0,4,0,0,0,0,0,2,0,0,17,2,5,2,4
Landry Fields,TOR,17,232.9,2,13,342,0,2,29,16,45,16.8,6.8,22.1,39.1,270.3,0,1.7,32.3,30.6,234.6,15.3,11.9,42.5,15.3,5.1,0,8.5,0,0,1.7,3.4,0,3.4,78.2,11.9,32.3,6.8,22.1
Larry Sanders,MIL,2,31,5,1,47,0,0,0,0,7,2,0,2,8,35,0,1,7,2,26,6,6,4,0,4,0,2,0,0,0,1,0,0,10,2,5,2,6
Lavoy Allen,PHI,28,548.8,13,28,1074,4,47,3,2,156,38.7,14,58.8,106.4,884.8,5.6,11.2,70,67.2,574,64.4,84,142.8,2.8,44.8,2.8,5.6,0,0,22.4,56,0,2.8,266,64.4,92.4,25.2,53.2
LeBron James,MIA,27,969.3,9,177,1975,88,88,160,118,185,61.5,40.5,35.1,67.5,1333.8,13.5,35.1,321.3,423.9,1636.2,81,164.7,685.8,118.8,81,40.5,105.3,5.4,24.3,29.7,56.7,27,45.9,253.8,45.9,140.4,94.5,40.5
Lorenzo Brown,PHI,13,143,3,24,345,9,0,23,14,10,11.3,10.4,2.6,5.2,267.8,2.6,7.8,46.8,58.5,309.4,3.9,31.2,41.6,14.3,3.9,3.9,15.6,1.3,7.8,0,7.8,0,7.8,23.4,2.6,6.5,10.4,13
Lou Amundson,NOP,17,180.2,10,6,285,0,0,2,1,54,13.3,8.5,15.3,30.6,222.7,0,1.7,20.4,15.3,117.3,23.8,25.5,35.7,1.7,11.9,0,0,0,0,0,3.4,0,0,98.6,20.4,32.3,13.6,47.6
Louis Williams,ATL,15,340.5,3,52,575,50,48,37,22,22,22.4,13.5,7.5,13.5,403.5,4.5,13.5,91.5,121.5,516,7.5,30,148.5,22.5,4.5,19.5,60,10.5,31.5,16.5,36,16.5,31.5,37.5,1.5,19.5,19.5,13.5
Luc Mbah a Moute,MIN,11,201.3,2,8,233,2,3,11,11,37,13.8,8.8,11,22,179.3,1.1,3.3,18.7,16.5,151.8,7.7,12.1,45.1,11,4.4,1.1,5.5,0,0,1.1,8.8,1.1,4.4,67.1,11,26.4,10.01,10.01
Luc Mbah a Moute,SAC,9,198,5,15,213,4,9,6,4,27,14,9,9,20.7,168.3,0.9,0.9,24.3,36.9,127.8,10.8,9,39.6,3.6,10.8,1.8,1.8,0,0,3.6,7.2,0.9,1.8,51.3,9.9,17.1,3.96,18
Luc Mbah a Moute,TOTAL,20,400,7,23,446,6,12,17,15,64,27.8,18,20,42,348,2,4,42,54,280,18,22,86,16,16,2,6,0,0,6,16,2,6,118,22,42,14,28
Luis Scola,IND,28,518,8,20,1025,10,105,18,18,128,37.4,11.2,53.2,81.2,736.4,2.8,8.4,58.8,53.2,568.4,58.8,134.4,246.4,16.8,42,5.6,11.2,0,0,53.2,98,0,2.8,257.6,33.6,95.2,44.8,56
Luke Ridnour,MIL,18,349.2,1,53,788,34,26,27,17,30,24.8,16.2,5.4,12.6,635.4,12.6,16.2,117,126,685.8,3.6,46.8,91.8,16.2,0,16.2,55.8,1.8,12.6,10.8,23.4,5.4,12.6,61.2,3.6,25.2,19.8,19.8
Luol Deng,CHI,20,770,4,81,1107,66,71,50,44,140,52.8,18,28,58,676,10,14,150,186,920,64,76,392,44,58,32,74,2,2,28,96,14,50,218,44,96,52,50
Manu Ginobili,SAS,27,637.2,4,125,1158,55,95,95,72,99,43.4,27,21.6,40.5,807.3,16.2,29.7,226.8,291.6,1023.3,21.6,62.1,315.9,72.9,24.3,24.3,62.1,8.1,27,32.4,83.7,29.7,72.9,153.9,24.3,75.6,56.7,54
MarShon Brooks,BOS,9,62.1,2,3,101,7,3,16,7,14,4.4,0.9,2.7,7.2,65.7,2.7,0.9,11.7,9,83.7,2.7,3.6,28.8,7.2,1.8,2.7,8.1,0.9,0.9,0.9,1.8,0.9,1.8,28.8,2.7,10.8,7.2,2.7
Marc Gasol,MEM,13,448.5,14,56,881,10,52,4,1,92,27.4,11.7,45.5,84.5,639.6,3.9,20.8,110.5,124.8,621.4,111.8,235.3,208,1.3,70.2,5.2,14.3,0,0,26,67.6,0,1.3,152.1,32.5,58.5,22.1,32.5
Marcin Gortat,WAS,25,865,39,44,1466,10,57,10,4,226,58.8,10,135,255,1120,2.5,12.5,95,105,750,122.5,145,320,5,95,5,17.5,0,0,27.5,65,0,0,395,77.5,150,42.5,60
Marco Belinelli,SAS,28,638.4,2,51,953,29,177,32,16,76,46.7,19.6,36.4,56,666.4,2.8,25.2,92.4,126,820.4,25.2,50.4,288.4,16.8,28,14,39.2,2.8,14,67.2,117.6,42,75.6,128.8,11.2,67.2,33.6,44.8
Marcus Morris,PHX,27,623.7,7,27,889,54,136,23,18,123,42.3,24.3,51.3,99.9,583.2,0,10.8,56.7,62.1,577.8,35.1,62.1,297,18.9,35.1,27,64.8,2.7,5.4,48.6,99.9,37.8,81,210.6,32.4,91.8,32.4,56.7
Marcus Thornton,SAC,20,474,4,17,504,26,66,27,21,63,32.3,16,12,20,306,6,4,42,42,408,10,26,162,22,6,12,32,4,16,24,82,18,62,104,12,50,14,30
Mario Chalmers,MIA,25,692.5,8,118,1570,17,93,138,74,60,46.2,47.5,20,35,1250,12.5,30,205,265,1227.5,10,55,230,75,2.5,7.5,30,2.5,15,30,70,30,67.5,115,7.5,52.5,57.5,70
Markieff Morris,PHX,26,673.4,12,43,988,35,56,28,23,158,42.2,26,78,137.8,629.2,7.8,10.4,80.6,104,637,67.6,93.6,330.2,23.4,70.2,18.2,46.8,0,2.6,26,59.8,5.2,18.2,278.2,62.4,96.2,46.8,62.4
Marquis Teague,CHI,18,241.2,4,28,562,5,5,46,22,19,15.7,1.8,3.6,10.8,446.4,3.6,10.8,64.8,66.6,505.8,5.4,25.2,45,21.6,0,1.8,14.4,1.8,5.4,1.8,7.2,1.8,5.4,34.2,3.6,16.2,16.2,25.2
Marreese Speights,GSW,28,327.6,9,11,489,8,44,16,14,96,21.5,2.8,28,67.2,294,2.8,5.6,28,25.2,282.8,16.8,42,140,14,14,2.8,14,0,0,19.6,58.8,2.8,14,159.6,47.6,50.4,16.8,42
Martell Webster,WAS,24,780,7,46,1048,27,174,26,20,108,53.3,21.6,26.4,55.2,772.8,7.2,12,86.4,108,763.2,19.2,28.8,307.2,19.2,24,12,38.4,2.4,9.6,60,139.2,52.8,122.4,163.2,31.2,76.8,14.4,43.2
Marvin Williams,UTA,21,554.4,12,28,794,8,123,27,16,106,36.3,23.1,50.4,102.9,575.4,2.1,2.1,56.7,67.2,489.3,12.6,44.1,195.3,16.8,4.2,4.2,18.9,0,4.2,44.1,105,35.7,81.9,174.3,29.4,77.7,21,54.6
Mason Plumlee,BKN,22,371.8,14,9,432,0,0,3,2,67,26.4,11,57.2,118.8,308,0,2.2,22,22,224.4,68.2,22,136.4,2.2,74.8,0,2.2,0,0,0,2.2,0,0,158.4,26.4,41.8,15.4,50.6
Matt Barnes,LAC,10,194,4,17,255,2,21,10,12,39,14.2,10,12,15,182,1,3,26,41,141,8,5,63,12,7,1,3,0,1,7,23,7,21,68,11,28,11,29
Matt Bonner,SAS,21,241.5,2,18,378,5,54,9,6,27,17.9,2.1,16.8,31.5,317.1,0,6.3,27.3,44.1,205.8,4.2,8.4,67.2,6.3,0,2.1,2.1,0,0,18.9,39.9,16.8,35.7,56.7,6.3,18.9,8.4,21
Matthew Dellavedova,CLE,20,306,3,30,438,17,43,23,10,28,22.1,12,14,22,346,4,6,72,72,368,2,10,86,10,2,8,16,2,2,16,32,14,28,58,6,22,10,30
Maurice Harkless,ORL,27,585.9,20,19,593,13,39,52,34,83,43,27,29.7,54,372.6,2.7,2.7,45.9,45.9,429.3,24.3,16.2,175.5,35.1,27,5.4,16.2,0,2.7,13.5,37.8,13.5,37.8,151.2,27,56.7,27,56.7
Metta World Peace,NYK,22,341,7,15,432,22,38,28,23,46,22.3,22,22,50.6,275,0,6.6,37.4,37.4,283.8,15.4,33,125.4,22,11,11,33,2.2,8.8,13.2,44,11,35.2,88,15.4,30.8,13.2,39.6
Meyers Leonard,POR,7,53.2,2,1,68,0,10,0,0,16,3.7,0.7,9.1,16.8,56,0.7,0.7,4.9,2.8,30.1,4.2,6.3,16.1,0,2.1,0,0,0,0,4.9,6.3,0,0,21.7,4.9,11.2,0.7,13.3
Michael Beasley,MIA,15,268.5,7,10,438,21,37,31,33,63,19,6,21,42,279,0,4.5,21,22.5,279,19.5,55.5,169.5,33,13.5,10.5,27,1.5,4.5,13.5,28.5,9,15,85.5,16.5,46.5,16.5,28.5
Michael Carter-Williams,PHI,17,622.2,12,132,1524,49,46,124,96,93,46.8,51,15.3,28.9,1113.5,3.4,27.2,236.3,307.7,1297.1,15.3,85,299.2,95.2,10.2,20.4,74.8,8.5,30.6,15.3,49.3,13.6,42.5,156.4,25.5,66.3,59.5,49.3
Michael Harris,UTA,20,226,7,5,342,6,18,5,4,33,15.6,16,24,46,254,2,4,16,16,188,14,32,84,4,12,2,6,0,0,10,28,0,2,80,14,18,12,36
Michael Kidd-Gilchrist,CHA,18,477,13,13,553,6,22,40,24,95,34.8,10.8,28.8,54,363.6,1.8,5.4,34.2,30.6,459,25.2,36,163.8,23.4,23.4,3.6,3.6,0,0,10.8,34.2,0,5.4,174.6,23.4,70.2,30.6,50.4
Mike Conley,MEM,25,857.5,6,157,2201,106,84,200,137,51,60.7,32.5,30,45,1677.5,20,40,325,350,1970,20,140,432.5,137.5,7.5,50,122.5,7.5,35,30,80,25,65,105,17.5,35,47.5,52.5
Mike Dunleavy,CHI,26,751.4,8,55,1014,38,153,35,23,101,56.3,13,33.8,62.4,728,10.4,13,122.2,124.8,819,20.8,91,273,23.4,10.4,18.2,39,5.2,13,59.8,140.4,33.8,88.4,174.2,31.2,70.2,31.2,52
Mike James,CHI,7,37.8,0,6,80,0,0,4,2,3,2.6,0.7,0,0.7,65.8,2.1,0.7,11.9,14,72.1,0,4.2,2.1,2.1,0,0,4.9,0,0,0,2.1,0,2.1,7,0,2.8,0.7,7.7
Mike Miller,MEM,27,631.8,0,43,920,23,129,38,25,91,44.4,8.1,27,51.3,712.8,5.4,16.2,97.2,97.2,685.8,10.8,81,191.7,24.3,0,10.8,27,2.7,2.7,45.9,99.9,37.8,81,153.9,18.9,72.9,27,43.2
Mike Scott,ATL,26,356.2,2,20,594,4,71,9,0,76,26,5.2,20.8,31.2,403,2.6,7.8,33.8,52,356.2,52,54.6,184.6,0,65,2.6,5.2,0,0,28.6,70.2,13,41.6,122.2,31.2,46.8,18.2,33.8
Miles Plumlee,PHX,27,766.8,49,15,1209,2,10,6,10,247,54,16.2,129.6,272.7,901.8,2.7,10.8,45.9,37.8,591.3,140.4,89.1,261.9,10.8,108,0,5.4,0,0,5.4,16.2,0,0,415.8,105.3,140.4,37.8,72.9
Miroslav Raduljica,MIL,15,162,7,9,244,0,2,1,0,36,11,1.5,13.5,43.5,169.5,0,1.5,13.5,19.5,151.5,31.5,45,70.5,0,28.5,0,0,0,0,1.5,4.5,0,0,61.5,22.5,13.5,10.5,27
Mirza Teletovic,BKN,20,346,5,14,561,9,86,16,2,72,24.3,6,32,66,408,0,6,36,36,296,18,16,134,2,12,4,10,2,2,28,72,28,70,116,22,50,14,36
Mo Williams,POR,27,661.5,8,121,1511,115,68,98,30,54,46.8,18.9,24.3,37.8,1152.9,5.4,18.9,229.5,288.9,1269,8.1,70.2,245.7,29.7,5.4,54,129.6,8.1,29.7,24.3,56.7,18.9,43.2,102.6,8.1,45.9,59.4,81
Monta Ellis,DAL,28,1030.4,4,163,2056,130,74,300,243,96,71.5,50.4,30.8,44.8,1349.6,11.2,33.6,316.4,389.2,1766.8,14,114.8,576.8,243.6,11.2,64.4,165.2,2.8,19.6,28,61.6,19.6,42,170.8,16.8,78.4,95.2,70
Nando De Colo,SAS,11,80.3,0,13,152,5,9,7,2,15,6.3,5.5,3.3,4.4,122.1,1.1,3.3,24.2,31.9,126.5,6.6,6.6,19.8,2.2,0,2.2,4.4,1.1,1.1,3.3,9.9,3.3,9.9,26.4,4.4,11,9.9,6.6
Nate Robinson,DEN,27,550.8,3,69,1031,81,67,87,66,56,38.5,24.3,10.8,16.2,672.3,13.5,18.9,135,164.7,882.9,8.1,59.4,294.3,64.8,2.7,35.1,105.3,13.5,40.5,24.3,56.7,21.6,51.3,99.9,5.4,51.3,29.7,56.7
Nate Wolters,MIL,23,517.5,7,77,1227,35,5,96,66,54,36.7,20.7,9.2,16.1,979.8,9.2,27.6,165.6,190.9,1058,9.2,75.9,156.4,66.7,9.2,16.1,52.9,0,6.9,2.3,16.1,0,16.1,94.3,9.2,46,25.3,25.3
Nazr Mohammed,CHI,25,205,10,8,260,4,2,1,0,57,12.7,5,22.5,47.5,187.5,0,0,17.5,17.5,142.5,17.5,25,37.5,0,10,2.5,2.5,0,0,0,7.5,0,0,102.5,30,27.5,15,25
Nemanja Nedovic,GSW,19,121.6,1,11,206,7,3,9,4,12,8.6,0,3.8,11.4,159.6,3.8,3.8,26.6,28.5,176.7,3.8,11.4,19,3.8,1.9,3.8,9.5,1.9,3.8,1.9,9.5,1.9,9.5,20.9,3.8,9.5,11.4,13.3
Nene,WAS,18,570.6,18,53,876,10,48,8,5,110,36.7,21.6,59.4,109.8,597.6,9,14.4,104.4,127.8,594,113.4,115.2,266.4,5.4,77.4,5.4,10.8,0,0,23.4,54,0,1.8,192.6,32.4,77.4,28.8,55.8
Nick Calathes,MEM,19,258.4,2,49,621,4,5,66,28,23,19.2,7.6,5.7,9.5,509.2,5.7,11.4,96.9,117.8,551,15.2,38,53.2,28.5,7.6,1.9,9.5,0,0,1.9,7.6,1.9,5.7,43.7,7.6,15.2,26.6,30.4
Nick Collison,OKC,26,455,14,23,800,2,19,6,2,91,33.1,10.4,46.8,91,657.8,5.2,10.4,52,57.2,374.4,46.8,70.2,117,2.6,31.2,0,5.2,0,0,7.8,26,0,7.8,179.4,46.8,44.2,20.8,59.8
Nick Young,LAL,28,767.2,9,40,1036,136,99,86,56,66,51.7,22.4,30.8,56,588,0,14,95.2,89.6,890.4,22.4,84,436.8,56,11.2,58.8,151.2,16.8,42,33.6,86.8,30.8,78.4,126,14,53.2,33.6,67.2
Nicolas Batum,POR,28,1002.4,17,147,1839,57,180,38,32,179,73.1,28,56,98,1408.4,11.2,25.2,254.8,336,1316,25.2,84,392,30.8,19.6,25.2,75.6,8.4,28,64.4,148.4,53.2,126,271.6,44.8,134.4,70,56
Nikola Pekovic,MIN,28,946.4,11,28,1169,8,14,1,0,252,61.5,14,117.6,196,666.4,2.8,22.4,56,67.2,795.2,263.2,190.4,487.2,0,232.4,2.8,11.2,0,0,8.4,11.2,0,0,462,126,126,47.6,70
Nikola Vucevic,ORL,24,806.4,28,51,1645,12,76,15,7,274,53.8,26.4,98.4,192,1255.2,2.4,14.4,91.2,120,842.4,117.6,96,324,7.2,108,7.2,14.4,0,0,38.4,91.2,0,0,415.2,91.2,182.4,60,69.6
Norris Cole,MIA,27,653.4,4,93,1324,31,60,109,39,71,47.3,24.3,8.1,18.9,1047.6,8.1,16.2,189,210.6,1036.8,8.1,35.1,189,37.8,2.7,16.2,37.8,0,2.7,21.6,51.3,18.9,43.2,102.6,8.1,62.1,43.2,45.9
O.J. Mayo,MIL,26,793,6,66,1252,112,105,84,46,80,53.1,18.2,28.6,59.8,806,5.2,10.4,143,148.2,1066,18.2,127.4,358.8,46.8,13,49.4,124.8,13,28.6,39,109.2,28.6,85.8,137.8,18.2,59.8,65,65
Ognjen Kuzmic,GSW,10,41,4,0,40,0,0,0,0,5,2.8,0,2,8,27,0,0,1,0,20,8,1,5,0,4,0,0,0,0,0,0,0,0,18,1,4,8,11
Omer Asik,HOU,17,311.1,7,7,469,0,0,1,2,115,20.4,3.4,37.4,88.4,374,1.7,1.7,20.4,17,215.9,45.9,22.1,74.8,1.7,30.6,0,0,0,0,0,1.7,0,0,178.5,52.7,61.2,20.4,34
Omri Casspi,HOU,28,610.4,9,44,1071,27,81,50,32,109,44.8,25.2,53.2,109.2,803.6,5.6,5.6,78.4,112,582.4,28,33.6,238,30.8,28,11.2,30.8,5.6,11.2,28,81.2,25.2,70,221.2,33.6,75.6,36.4,56
Orlando Johnson,IND,26,319.8,1,15,422,6,26,28,19,46,22,5.2,15.6,28.6,304.2,2.6,2.6,36.4,41.6,291.2,5.2,5.2,83.2,18.2,2.6,2.6,13,0,2.6,7.8,36.4,7.8,33.8,83.2,7.8,36.4,13,20.8
Otto Porter,WAS,6,63,0,1,91,2,4,0,0,11,4.7,0,1.2,1.8,73.2,1.2,0,3,4.2,76.8,3,1.8,7.8,0,1.8,1.2,3,0,0,1.8,9,0,3,24,0,10.8,1.2,4.8
PJ Tucker,PHX,27,831.6,7,46,986,16,87,43,24,142,56.1,35.1,27,51.3,702,5.4,8.1,105.3,113.4,788.4,37.8,27,240.3,24.3,24.3,8.1,27,2.7,2.7,29.7,67.5,27,59.4,221.4,54,89.1,37.8,64.8
Pablo Prigioni,NYK,24,451.2,1,76,1054,35,42,20,4,45,33.2,31.2,14.4,21.6,914.4,9.6,14.4,160.8,189.6,801.6,7.2,28.8,93.6,4.8,2.4,12,24,12,19.2,14.4,36,14.4,36,72,4.8,40.8,19.2,52.8
Patrick Beverley,HOU,25,792.5,10,56,1509,13,106,83,37,97,58.8,32.5,30,55,1212.5,2.5,25,130,135,1262.5,15,30,240,37.5,15,5,25,0,10,35,100,35,95,190,30,67.5,30,65
Patrick Patterson,SAC,16,390.4,2,12,628,4,39,5,2,92,26.7,12.8,28.8,51.2,480,1.6,8,30.4,28.8,313.6,25.6,44.8,100.8,1.6,25.6,1.6,9.6,0,1.6,16,59.2,6.4,36.8,142.4,40,52.8,16,42.08
Patrick Patterson,TOR,6,123.6,3,4,174,6,13,2,0,21,8.3,3,16.2,24,132,1.2,0,4.8,13.2,94.2,9,12,40.2,0,12,3,4.2,0,0,4.8,15,3,7.2,43.2,7.8,13.2,3,10.02
Patrick Patterson,TOTAL,22,514.8,5,16,802,10,52,7,2,113,35.1,15.4,44,74.8,611.6,2.2,8.8,35.2,41.8,407,35.2,57.2,140.8,2.2,37.4,4.4,13.2,0,0,22,74.8,11,44,187,48.4,66,17.6,46.2
Patty Mills,SAS,28,476,3,42,1060,68,87,19,9,39,38,30.8,14,22.4,814.8,8.4,14,92.4,106.4,842.8,14,56,226.8,8.4,16.8,28,64.4,11.2,22.4,30.8,78.4,28,64.4,61.6,5.6,33.6,19.6,36.4
Pau Gasol,LAL,27,815.4,34,85,1838,12,100,28,24,249,52.9,8.1,116.1,232.2,1325.7,8.1,13.5,194.4,207.9,1150.2,126.9,286.2,399.6,24.3,99.9,5.4,27,0,0,48.6,116.1,2.7,10.8,396.9,89.1,162,64.8,54
Paul George,IND,28,1030.4,8,101,1971,172,204,92,65,166,72.1,56,30.8,75.6,1288,11.2,22.4,210,235.2,1579.2,64.4,131.6,669.2,64.4,44.8,78.4,201.6,14,56,72.8,148.4,58.8,120.4,274.4,36.4,128.8,72.8,64.4
Paul Millsap,ATL,27,882.9,27,74,1545,39,113,81,44,222,61.4,43.2,135,245.7,1044.9,5.4,18.9,137.7,175.5,980.1,118.8,156.6,450.9,43.2,78.3,18.9,48.6,2.7,5.4,43.2,102.6,27,59.4,410.4,91.8,132.3,56.7,78.3
Paul Pierce,BKN,22,642.4,4,64,1026,46,89,91,59,115,40.3,17.6,28.6,66,693,6.6,19.8,127.6,151.8,803,19.8,70.4,277.2,59.4,4.4,22,61.6,2.2,8.8,30.8,88,26.4,74.8,167.2,24.2,90.2,57.2,50.6
Pero Antic,ATL,17,185.3,4,14,292,8,31,8,3,38,12.5,3.4,15.3,37.4,210.8,1.7,3.4,25.5,32.3,173.4,5.1,10.2,61.2,3.4,5.1,3.4,6.8,0,1.7,10.2,35.7,8.5,28.9,69.7,11.9,25.5,10.2,23.8
Perry Jones,OKC,18,167.4,7,5,235,6,24,3,4,33,11.9,3.6,5.4,18,169.2,1.8,3.6,9,12.6,136.8,10.8,18,68.4,3.6,7.2,3.6,5.4,0,1.8,9,19.8,5.4,12.6,50.4,5.4,27,7.2,9
Peyton Siva,DET,13,75.4,1,8,156,0,0,11,2,8,5.3,2.6,2.6,3.9,127.4,1.3,6.5,23.4,23.4,130,1.3,10.4,3.9,2.6,0,0,3.9,0,2.6,0,0,0,0,11.7,2.6,6.5,13,10.4
Phil Pressey,BOS,26,314.6,1,54,724,12,9,39,12,30,22.8,18.2,5.2,18.2,603.2,5.2,18.2,111.8,124.8,624,0,20.8,46.8,13,0,5.2,26,0,2.6,2.6,20.8,2.6,18.2,49.4,5.2,23.4,18.2,23.4
Quincy Acy,SAC,6,94.2,3,2,120,2,2,3,5,19,6.9,1.2,10.2,22.2,97.8,0,1.2,6,4.2,49.8,10.2,4.8,24,4.8,10.8,1.2,1.2,0,0,1.2,3,0,1.8,48,4.2,15,0,13.02
Quincy Acy,TOR,7,61.6,3,4,114,0,6,3,0,15,4.5,4.2,6.3,9.8,91,0.7,0,7.7,11.2,58.8,4.2,0.7,18.9,0,4.2,0,0.7,0,0,2.1,7,2.1,4.9,25.2,4.9,9.8,2.03,7.98
Quincy Acy,TOTAL,13,156,6,6,234,2,8,6,5,34,11.4,5.2,15.6,32.5,188.5,1.3,1.3,14.3,15.6,109.2,14.3,6.5,42.9,5.2,15.6,1.3,2.6,0,0,2.6,10.4,2.6,6.5,72.8,9.1,24.7,2.6,20.8
Quincy Miller,DEN,5,19,1,0,21,4,3,2,0,5,1.4,0,1,2,7,0,0,1,0,17,1,0,13,0,0,2,3,0,0,1,1,1,1,7,2,3,4,1
Quincy Pondexter,MEM,15,271.5,1,20,329,11,27,20,13,26,18.9,4.5,1.5,4.5,217.5,1.5,1.5,36,43.5,279,16.5,12,94.5,13.5,18,4.5,16.5,1.5,4.5,9,30,9,28.5,46.5,4.5,21,15,18
Ramon Sessions,CHA,29,623.5,4,84,1421,27,23,199,171,60,42.7,20.3,11.6,20.3,1017.9,8.7,23.2,185.6,191.4,1302.1,14.5,92.8,310.3,171.1,2.9,11.6,52.2,2.9,17.4,8.7,31.9,5.8,23.2,89.9,8.7,52.2,49.3,23.2
Randy Foye,DEN,27,658.8,13,52,804,47,107,42,28,57,45.5,18.9,27,48.6,521.1,5.4,10.8,89.1,118.8,677.7,10.8,40.5,240.3,27,10.8,18.9,62.1,8.1,27,37.8,108,32.4,97.2,108,10.8,45.9,32.4,64.8
Rashard Lewis,MIA,26,499.2,5,32,731,11,67,19,5,58,36.1,28.6,36.4,65,600.6,0,13,46.8,78,358.8,23.4,41.6,114.4,5.2,7.8,5.2,13,0,2.6,23.4,65,20.8,59.8,98.8,10.4,46.8,15.6,44.2
Rasual Butler,IND,13,76.7,2,2,73,7,21,1,0,8,5.2,0,7.8,10.4,46.8,1.3,2.6,6.5,5.2,54.6,1.3,6.5,32.5,0,0,2.6,5.2,1.3,1.3,6.5,13,6.5,13,13,3.9,3.9,2.6,6.5
Ray Allen,MIA,24,619.2,4,56,787,30,109,63,41,67,43,21.6,24,43.2,528,4.8,12,91.2,141.6,595.2,19.2,50.4,252,40.8,9.6,14.4,36,2.4,9.6,38.4,91.2,33.6,81.6,110.4,9.6,57.6,36,40.8
Ray McCallum,SAC,6,15.6,0,1,32,2,0,1,0,2,1.1,0,1.2,1.8,22.8,0,0,4.8,3,25.2,1.2,3,1.8,0,0,1.2,4.2,0,1.2,0,1.8,0,1.8,3,1.2,1.2,1.8,1.2
Raymond Felton,NYK,17,544,10,87,1227,55,40,93,41,41,35.9,15.3,18.7,35.7,970.7,1.7,18.7,180.2,197.2,1030.2,8.5,37.4,178.5,40.8,10.2,23.8,62.9,6.8,27.2,13.6,47.6,11.9,37.4,83.3,8.5,32.3,35.7,44.2
Reggie Bullock,LAC,17,176.8,1,4,156,8,21,1,3,23,12.4,1.7,5.1,8.5,100.3,0,0,13.6,8.5,107.1,0,10.2,45.9,3.4,0,3.4,10.2,0,1.7,6.8,27.2,6.8,25.5,37.4,8.5,15.3,6.8,10.2
Reggie Evans,BKN,18,235.8,2,2,300,0,0,4,3,83,15.9,3.6,28.8,50.4,232.2,0,1.8,12.6,3.6,124.2,28.8,25.2,37.8,3.6,19.8,0,0,0,0,0,0,0,0,135,27,55.8,19.8,34.2
Reggie Jackson,OKC,27,675,2,94,1341,90,47,147,125,103,45.9,24.3,29.7,62.1,934.2,13.5,21.6,191.7,221.4,1082.7,16.2,70.2,332.1,124.2,10.8,43.2,99.9,5.4,27,16.2,45.9,16.2,40.5,189,16.2,86.4,54,32.4
Richard Jefferson,UTA,31,827.7,7,50,1233,29,130,97,73,91,55.8,18.6,46.5,80.6,883.5,6.2,18.6,102.3,114.7,1016.8,31,49.6,310,74.4,12.4,12.4,40.3,3.1,6.2,46.5,117.8,37.2,93,167.4,9.3,80.6,46.5,62
Ricky Ledo,DAL,6,15.6,0,1,29,0,3,2,0,2,1.1,0,1.2,1.8,15,0,1.2,1.2,3,25.8,1.2,0,7.2,0,0,0,4.2,0,1.2,1.2,3,1.2,3,4.8,1.2,1.2,1.8,1.2
Ricky Rubio,MIN,28,912.8,4,225,2460,69,50,195,64,124,66.2,75.6,28,47.6,2018.8,28,58.8,459.2,526.4,1999.2,16.8,92.4,252,64.4,5.6,33.6,95.2,2.8,11.2,16.8,56,16.8,42,218.4,22.4,103.6,84,72.8
Robbie Hummel,MIN,21,258.3,1,8,353,11,43,1,0,62,19.2,6.3,21,29.4,273,0,4.2,21,21,224.7,2.1,12.6,71.4,0,2.1,4.2,10.5,0,2.1,16.8,50.4,10.5,35.7,88.2,21,39.9,2.1,23.1
Robert Sacre,LAL,15,198,18,12,315,0,8,4,2,43,13.3,4.5,24,61.5,241.5,1.5,3,33,34.5,211.5,33,36,61.5,1.5,22.5,0,1.5,0,0,4.5,7.5,0,0,88.5,16.5,25.5,6,21
Robin Lopez,POR,28,851.2,40,24,916,4,16,1,0,234,58.7,11.2,134.4,296.8,630,0,8.4,56,58.8,501.2,84,92.4,266,0,86.8,2.8,8.4,0,0,8.4,25.2,0,0,408.8,117.6,114.8,30.8,72.8
Rodney Stuckey,DET,25,695,5,57,1061,80,59,100,98,59,45.6,25,30,47.5,640,5,5,120,125,892.5,35,85,372.5,97.5,27.5,40,92.5,0,2.5,25,62.5,10,30,120,15,45,47.5,50
Roger Mason Jr.,MIA,12,144,1,10,192,20,33,8,0,15,10.1,3.6,9.6,13.2,133.2,0,4.8,19.2,21.6,153.6,1.2,14.4,56.4,0,0,8.4,15.6,3.6,7.2,12,27.6,9.6,24,27.6,1.2,14.4,7.2,15.6
Ronnie Brewer,HOU,14,71.4,0,9,85,0,3,0,0,5,5,4.2,7,8.4,71.4,0,1.4,14,22.4,64.4,1.4,5.6,5.6,0,1.4,0,1.4,0,0,1.4,5.6,1.4,5.6,12.6,0,5.6,1.4,1.4
Ronnie Price,ORL,16,172.8,2,25,311,12,9,18,6,27,12.5,12.8,4.8,6.4,254.4,1.6,3.2,51.2,54.4,254.4,0,12.8,30.4,6.4,0,4.8,12.8,1.6,4.8,3.2,12.8,3.2,12.8,44.8,6.4,20.8,8,20.8
Ronny Turiaf,MIN,2,17.4,1,2,22,0,0,0,0,3,1.1,1,3,6,18,0,1,3,4,14,4,3,3,0,3,0,0,0,0,0,0,0,0,6,2,1,0,4
Roy Hibbert,IND,28,856.8,77,36,1163,6,37,0,0,241,54.5,11.2,109.2,263.2,756,2.8,14,86.8,84,733.6,190.4,86.8,347.2,0,165.2,2.8,11.2,0,0,16.8,39.2,0,2.8,422.8,114.8,126,53.2,86.8
Rudy Gay,SAC,7,249.9,6,19,384,24,12,25,26,27,17.1,13.3,16.1,27.3,238,0.7,11.2,42.7,39.2,308,14,28.7,123.9,25.9,13.3,11.9,30.1,0,2.8,4.2,14.7,4.2,11.2,65.8,2.8,23.8,25.97,14
Rudy Gay,TOR,17,605.2,23,40,985,101,47,110,72,118,41.2,25.5,37.4,61.2,567.8,3.4,8.5,88.4,98.6,765,30.6,59.5,331.5,71.4,34,47.6,115.6,6.8,17,17,47.6,13.6,35.7,180.2,27.2,90.1,58.99,46.92
Rudy Gay,TOTAL,24,854.4,29,59,1369,125,59,135,98,145,58.3,38.4,52.8,88.8,806.4,4.8,19.2,132,139.2,1072.8,45.6,88.8,456,98.4,48,60,144,7.2,19.2,21.6,62.4,16.8,45.6,247.2,31.2,115.2,81.6,57.6
Rudy Gobert,UTA,17,183.6,14,3,253,0,2,2,0,78,13.2,3.4,23.8,52.7,185.3,1.7,3.4,6.8,8.5,110.5,20.4,20.4,37.4,0,15.3,0,0,0,0,1.7,1.7,0,0,122.4,28.9,49.3,18.7,30.6
Russell Westbrook,OKC,24,799.2,2,164,1918,197,30,168,87,136,55.4,43.2,14.4,28.8,1255.2,24,43.2,312,381.6,1704,33.6,122.4,518.4,86.4,28.8,86.4,220.8,24,74.4,12,36,7.2,31.2,196.8,36,100.8,98.4,50.4
Ryan Anderson,NOP,17,615.4,6,13,864,57,168,14,13,105,41.2,8.5,61.2,112.2,523.6,0,6.8,25.5,28.9,521.9,45.9,57.8,346.8,13.6,35.7,27.2,62.9,3.4,10.2,57.8,132.6,52.7,115.6,205.7,54.4,51,17,35.7
Ryan Gomes,OKC,4,28.4,0,1,39,2,0,0,0,3,1.9,0,0,0,31.2,0,0,3.2,3.2,24,0,3.2,4,0,0,1.2,2,0,0,0,3.2,0,2,5.2,2,1.2,1.2,5.2
Ryan Hollins,LAC,26,228.8,10,1,242,0,6,0,0,43,16.1,2.6,20.8,65,176.8,0,0,5.2,2.6,111.8,28.6,20.8,59.8,0,26,0,0,0,0,2.6,5.2,0,0,85.8,20.8,23.4,18.2,41.6
Ryan Kelly,LAL,6,33,1,2,50,2,6,0,0,7,2.2,0,1.8,4.8,39,0,0,4.8,6,27,0,0,10.8,0,0,1.2,1.2,0,0,1.8,6,1.8,6,13.8,3,4.2,1.2,4.8
Samuel Dalembert,DAL,27,567,33,12,684,0,16,3,7,168,40.3,21.6,97.2,186.3,502.2,0,10.8,24.3,29.7,307.8,81,56.7,172.8,8.1,83.7,0,0,0,0,8.1,16.2,0,0,294.3,72.9,94.5,27,67.5
Serge Ibaka,OKC,27,880.2,64,26,1330,14,129,16,8,250,59.6,10.8,110.7,251.1,923.4,0,10.8,62.1,59.4,699.3,91.8,99.9,378,8.1,94.5,8.1,16.2,0,0,62.1,132.3,8.1,16.2,421.2,113.4,137.7,40.5,78.3
Sergey Karasev,CLE,14,124.6,1,5,163,4,14,2,0,14,9.3,2.8,2.8,9.8,120.4,0,2.8,15.4,9.8,130.2,1.4,8.4,30.8,0,1.4,1.4,7,0,0,5.6,19.6,4.2,15.4,22.4,0,14,8.4,12.6
Shabazz Muhammad,MIN,8,33.6,0,0,46,0,3,3,0,8,2.5,0,0.8,3.2,28.8,0,0.8,0.8,0,43.2,0.8,0,8,0,0,0,3.2,0,0,0.8,3.2,0.8,3.2,15.2,4,4,2.4,2.4
Shane Battier,MIA,26,527.8,17,14,775,5,66,22,11,47,38.1,13,52,109.2,657.8,2.6,13,44.2,33.8,431.6,7.8,20.8,106.6,10.4,7.8,2.6,13,0,13,20.8,62.4,20.8,62.4,111.8,18.2,28.6,2.6,49.4
Shane Larkin,DAL,15,198,0,30,455,15,11,25,10,11,15,15,1.5,4.5,358.5,3,15,66,69,405,1.5,15,52.5,10.5,1.5,7.5,24,1.5,4.5,4.5,13.5,3,10.5,25.5,3,7.5,19.5,15
Shaun Livingston,BKN,27,604.8,9,87,1322,38,3,68,48,67,41.9,24.3,10.8,27,1090.8,5.4,24.3,191.7,205.2,1112.4,27,43.2,164.7,48.6,13.5,18.9,45.9,0,0,0,2.7,0,2.7,108,16.2,51.3,35.1,48.6
Shawn Marion,DAL,28,901.6,21,47,1478,26,77,25,16,200,62.5,39.2,64.4,126,1108.8,2.8,14,106.4,117.6,946.4,86.8,70,308,16.8,72.8,14,36.4,0,0,28,78.4,22.4,61.6,308,70,128.8,36.4,53.2
Shawne Williams,LAL,26,517.4,18,24,817,12,85,9,5,108,39,13,57.2,109.2,660.4,0,7.8,33.8,59.8,358.8,7.8,20.8,127.4,5.2,5.2,5.2,13,2.6,5.2,31.2,83.2,26,75.4,210.6,33.8,75.4,18.2,72.8
Shelvin Mack,ATL,22,387.2,0,76,864,34,34,61,41,34,29.8,15.4,8.8,17.6,682,8.8,30.8,143,180.4,748,11,46.2,145.2,41.8,6.6,15.4,50.6,4.4,17.6,11,22,11,22,79.2,6.6,28.6,17.6,33
Solomon Hill,IND,16,145.6,2,9,190,2,12,7,2,26,9.6,1.6,6.4,12.8,150.4,0,4.8,24,22.4,142.4,3.2,6.4,24,1.6,4.8,1.6,1.6,0,0,4.8,17.6,4.8,17.6,46.4,8,17.6,8,11.2
Solomon Jones,ORL,10,83,2,2,113,0,8,2,2,16,6.1,2,7,11,89,0,1,7,4,55,0,6,14,2,0,0,1,0,0,4,8,0,0,28,6,10,2,12
Spencer Hawes,PHI,26,845,39,81,1840,25,152,20,16,235,58.9,13,135.2,275.6,1422.2,5.2,15.6,158.6,174.2,1053,117,135.2,390,15.6,98.8,13,31.2,0,5.2,54.6,127.4,41.6,96.2,418.6,83.2,153.4,57.2,70.2
Stephen Curry,GSW,25,932.5,7,229,2109,274,103,176,109,106,65.3,47.5,25,45,1452.5,10,35,425,520,1900,12.5,117.5,585,110,2.5,112.5,265,47.5,130,37.5,75,30,65,185,15,92.5,100,67.5
Stephen Jackson,LAC,6,73.8,1,3,60,0,0,4,0,6,4.5,4.8,0,1.8,37.2,0,1.2,4.8,7.2,42,1.8,1.2,10.2,0,1.8,0,1.2,0,1.2,0,9,0,7.2,10.8,3,3,4.2,7.2
Steve Blake,LAL,21,672,1,162,1586,43,102,114,34,69,49.9,18.9,16.8,31.5,1299.9,10.5,33.6,304.5,371.7,1381.8,16.8,69.3,205.8,33.6,6.3,18.9,65.1,6.3,23.1,35.7,86.1,31.5,73.5,107.1,6.3,63,52.5,35.7
Steve Nash,LAL,6,135.6,1,29,346,16,9,25,4,9,10.2,1.8,1.8,3,273,1.8,7.8,64.2,70.2,301.2,0,31.2,40.2,4.2,0,7.2,31.8,1.8,6,3,9,3,7.2,15,1.8,7.2,12,10.8
Steve Novak,TOR,17,205.7,0,6,282,8,41,0,0,20,14.8,3.4,20.4,25.5,210.8,1.7,1.7,10.2,17,168.3,1.7,3.4,59.5,0,0,3.4,18.7,1.7,10.2,13.6,37.4,13.6,35.7,40.8,8.5,11.9,1.7,15.3
Steven Adams,OKC,27,442.8,28,20,583,0,4,1,0,130,31.9,16.2,43.2,86.4,450.9,0,8.1,35.1,45.9,270,67.5,43.2,102.6,0,40.5,0,0,0,0,2.7,2.7,0,0,237.6,70.2,59.4,27,78.3
Taj Gibson,CHI,26,704.6,33,23,1084,2,54,4,2,168,46.7,7.8,44.2,117,722.8,2.6,7.8,52,59.8,592.8,150.8,91,304.2,2.6,122.2,0,13,0,0,26,59.8,0,2.6,306.8,70.2,98.8,46.8,62.4
Tayshaun Prince,MEM,24,640.8,5,36,944,24,55,14,9,73,43,12,24,43.2,739.2,0,21.6,91.2,81.6,780,24,84,144,9.6,16.8,12,38.4,0,0,26.4,76.8,2.4,14.4,115.2,14.4,57.6,16.8,19.2
Terrence Jones,HOU,26,642.2,31,30,1006,6,52,52,36,162,45.5,13,91,182,728,2.6,10.4,57.2,70.2,540.8,54.6,46.8,247,36.4,57.2,2.6,15.6,0,2.6,18.2,49.4,15.6,41.6,286,70.2,91,26,52
Terrence Ross,TOR,25,547.5,6,18,601,28,115,32,18,68,40.2,12.5,17.5,37.5,367.5,2.5,5,42.5,40,497.5,10,20,212.5,17.5,15,12.5,42.5,2.5,10,40,90,32.5,77.5,102.5,20,47.5,25,42.5
Thabo Sefolosha,OKC,23,591.1,8,32,629,15,45,28,10,94,42,29.9,16.1,36.8,446.2,4.6,16.1,69,66.7,489.9,27.6,55.2,142.6,9.2,16.1,6.9,16.1,0,2.3,16.1,52.9,13.8,43.7,151.8,18.4,75.9,23,41.4
Thaddeus Young,PHI,25,830,14,44,1544,26,81,39,28,168,60.6,35,85,152.5,1080,2.5,15,97.5,105,932.5,132.5,102.5,420,27.5,110,12.5,30,2.5,5,30,80,20,45,300,70,97.5,47.5,67.5
Thomas Robinson,POR,27,302.4,4,10,484,4,22,26,13,96,21.9,8.1,37.8,59.4,310.5,0,2.7,24.3,24.3,234.9,27,43.2,140.4,13.5,21.6,2.7,2.7,0,0,10.8,29.7,0,0,167.4,43.2,54,16.2,43.2
Tiago Splitter,SAS,24,501.6,9,27,808,2,4,3,4,155,35.8,12,40.8,96,600,2.4,7.2,60,62.4,475.2,122.4,60,187.2,4.8,79.2,0,0,0,0,2.4,2.4,0,0,271.2,57.6,98.4,31.2,43.2
Tim Duncan,SAS,25,715,46,77,1404,12,66,12,9,230,45.9,12.5,85,187.5,987.5,2.5,10,120,172.5,900,142.5,227.5,347.5,10,112.5,5,20,0,0,32.5,97.5,0,2.5,345,92.5,137.5,47.5,37.5
Timofey Mozgov,DEN,27,523.8,32,11,726,2,4,1,0,169,37.7,8.1,75.6,167.4,477.9,0,2.7,27,29.7,359.1,143.1,37.8,232.2,0,118.8,0,2.7,0,0,2.7,8.1,0,2.7,307.8,81,89.1,45.9,64.8
Timothy Hardaway Jr.,NYK,26,468,5,26,579,30,108,21,14,32,31.6,13,20.8,28.6,377,0,5.2,44.2,57.2,418.6,7.8,18.2,215.8,13,2.6,13,33.8,2.6,7.8,39,83.2,31.2,72.8,57.2,7.8,23.4,15.6,31.2
Tobias Harris,ORL,7,185.5,0,11,267,12,17,12,9,38,13.1,2.1,6.3,18.2,179.2,0,2.8,18.2,28,191.8,11.9,9.8,77.7,9.1,13.3,6.3,11.9,0,0.7,7,27.3,2.8,20.3,60.9,7.7,30.1,6.3,16.8
Toney Douglas,GSW,15,186,1,14,354,23,35,7,0,20,14.7,4.5,4.5,7.5,270,1.5,6,31.5,31.5,295.5,1.5,10.5,64.5,0,0,9,28.5,4.5,19.5,12,22.5,10.5,21,36,1.5,19.5,13.5,22.5
Tony Allen,MEM,22,589.6,10,49,740,12,33,79,48,95,40.5,46.2,17.6,26.4,477.4,4.4,8.8,83.6,107.8,596.2,28.6,48.4,237.6,48.4,24.2,6.6,19.8,0,0,13.2,48.4,4.4,22,151.8,28.6,66,39.6,44
Tony Mitchell,DET,10,37,2,1,46,3,0,1,1,11,2.5,1,4,6,32,0,2,2,2,20,3,2,11,1,2,1,2,1,1,0,0,0,0,18,6,5,2,2
Tony Parker,SAS,25,765,1,155,1978,106,36,254,168,63,58,12.5,15,27.5,1452.5,10,42.5,330,360,1712.5,55,200,452.5,167.5,45,52.5,112.5,2.5,5,12.5,35,10,25,102.5,0,62.5,60,30
Tony Snell,CHI,22,431.2,6,25,466,21,61,34,29,40,29.6,6.6,17.6,30.8,323.4,2.2,8.8,57.2,52.8,407,2.2,17.6,123.2,28.6,2.2,8.8,22,2.2,11,22,55,19.8,48.4,77,8.8,33,19.8,17.6
Tony Wroten,PHI,26,678.6,7,93,1452,24,53,187,140,96,48.5,26,18.2,33.8,972.4,7.8,18.2,176.8,215.8,1240.2,23.4,52,358.8,140.4,18.2,7.8,44.2,5.2,39,18.2,54.6,18.2,52,145.6,23.4,72.8,72.8,59.8
Tornike Shengelia,BKN,11,114.4,1,9,152,0,0,19,16,13,8.1,2.2,4.4,7.7,115.5,0,1.1,9.9,19.8,92.4,2.2,3.3,20.9,16.5,0,0,2.2,0,0,0,5.5,0,5.5,26.4,3.3,9.9,9.9,15.4
Toure Murry,NYK,11,52.8,0,5,101,4,2,10,4,7,3.8,4.4,3.3,4.4,68.2,1.1,0,11,11,81.4,4.4,5.5,19.8,4.4,0,2.2,6.6,0,0,1.1,3.3,0,0,12.1,3.3,4.4,4.4,7.7
Travis Outlaw,SAC,23,379.5,8,13,461,16,52,11,10,74,27.6,9.2,27.6,50.6,322,0,2.3,32.2,27.6,276,11.5,25.3,117.3,9.2,6.9,6.9,27.6,0,2.3,20.7,50.6,11.5,34.5,110.4,20.7,52.9,6.9,34.5
Trevor Ariza,WAS,20,724,7,50,1072,16,161,70,45,118,48.8,38,22,32,746,6,18,102,114,820,10,24,316,46,6,6,30,2,10,56,124,50,106,176,24,94,42,44
Trevor Booker,WAS,17,341.7,8,20,589,2,16,6,4,99,24.1,10.2,27.2,47.6,465.8,0,5.1,32.3,51,295.8,42.5,37.4,105.4,3.4,42.5,1.7,3.4,0,0,8.5,22.1,0,1.7,163.2,37.4,61.2,13.6,35.7
Trey Burke,UTA,19,562.4,1,94,1442,88,72,91,45,64,39.7,11.4,17.1,34.2,1096.3,5.7,17.1,199.5,207.1,1233.1,5.7,70.3,256.5,45.6,5.7,39.9,108.3,7.6,26.6,24.7,68.4,22.8,58.9,96.9,5.7,58.9,26.6,32.3
Tristan Thompson,CLE,27,869.4,12,22,1626,24,30,34,21,265,64.4,16.2,89.1,148.5,1239.3,5.4,13.5,56.7,54,772.2,105.3,126.9,315.9,21.6,83.7,10.8,29.7,0,0,16.2,32.4,0,0,464.4,116.1,148.5,37.8,56.7
Ty Lawson,DEN,25,865,5,194,1968,117,52,270,134,89,57.1,32.5,17.5,30,1400,25,30,435,462.5,1740,12.5,115,437.5,135,7.5,52.5,145,10,32.5,17.5,47.5,15,40,140,12.5,77.5,70,40
Tyler Hansbrough,TOR,23,425.5,8,8,604,0,4,5,4,117,29.5,9.2,36.8,71.3,453.1,2.3,6.9,18.4,20.7,312.8,39.1,59.8,133.4,4.6,39.1,0,2.3,0,0,2.3,9.2,0,0,236.9,50.6,64.4,18.4,50.6
Tyler Zeller,CLE,16,129.6,4,3,163,4,8,3,2,32,9.4,1.6,12.8,25.6,113.6,0,3.2,8,6.4,86.4,14.4,22.4,51.2,1.6,14.4,1.6,1.6,0,0,4.8,6.4,0,0,60.8,19.2,12.8,6.4,14.4
Tyreke Evans,NOP,24,609.6,8,100,1087,18,7,202,144,115,41.3,31.2,48,76.8,708,9.6,16.8,175.2,232.8,907.2,26.4,69.6,300,144,19.2,9.6,45.6,0,9.6,2.4,16.8,0,12,204,31.2,84,48,55.2
Tyshawn Taylor,BKN,17,249.9,1,35,553,17,6,64,43,14,17.1,10.2,6.8,10.2,414.8,6.8,6.8,61.2,88.4,489.6,8.5,20.4,83.3,42.5,3.4,8.5,27.2,1.7,6.8,1.7,5.1,1.7,5.1,28.9,0,13.6,27.2,27.2
Tyson Chandler,NYK,7,214.2,15,10,284,2,6,0,0,64,13.2,7.7,28.7,60.2,216.3,0,2.1,23.1,25.2,158.9,16.1,39.9,56,0,9.8,0.7,2.1,0,0,2.8,9.1,0,0,100.8,25.2,39.2,7.7,21
Udonis Haslem,MIA,15,172.5,3,1,221,0,8,0,0,30,11.5,1.5,22.5,33,163.5,0,4.5,1.5,3,100.5,21,13.5,37.5,0,18,0,0,0,0,4.5,13.5,0,0,76.5,9,21,7.5,27
Viacheslav Kravtsov,PHX,12,34.8,0,0,54,0,0,0,0,9,2.4,0,3.6,7.2,42,0,0,3.6,0,24,6,3.6,8.4,0,6,0,0,0,0,0,0,0,0,15.6,6,3.6,3.6,7.2
Victor Claver,POR,3,3.9,0,0,3,0,0,0,0,0,0.2,0,0,0,2.1,0,0,0,0,0.9,0,0.9,0,0,0,0,0,0,0,0,0,0,0,0,0,0,0.9,0
Victor Oladipo,ORL,28,862.4,21,92,1782,76,54,167,134,119,61.3,44.8,28,64.4,1234.8,2.8,22.4,232.4,207.2,1472.8,25.2,53.2,361.2,134.4,22.4,36.4,109.2,5.6,25.2,19.6,58.8,16.8,56,207.2,16.8,100.8,92.4,78.4
Vince Carter,DAL,27,664.2,14,78,1238,75,79,89,55,94,44.5,18.9,51.3,94.5,877.5,8.1,10.8,153.9,180.9,877.5,27,67.5,288.9,54,10.8,32.4,89.1,10.8,35.1,27,78.3,24.3,70.2,183.6,40.5,54,43.2,70.2
Vitor Faverani,BOS,29,420.5,27,13,778,0,47,2,0,112,28.4,8.7,60.9,133.4,594.5,0,5.8,29,29,426.3,55.1,46.4,139.2,0,40.6,0,2.9,0,2.9,17.4,46.4,11.6,31.9,205.9,49.3,63.8,34.8,63.8
Wayne Ellington,DAL,17,142.8,2,7,192,6,26,7,0,12,10.3,8.5,3.4,8.5,130.9,0,1.7,17,18.7,158.1,6.8,5.1,45.9,0,6.8,3.4,15.3,0,5.1,10.2,25.5,6.8,15.3,18.7,1.7,10.2,1.7,10.2
Wesley Johnson,LAL,28,761.6,38,48,906,23,107,12,2,102,52.9,30.8,44.8,86.8,663.6,2.8,5.6,86.8,109.2,571.2,33.6,33.6,224,2.8,25.2,11.2,25.2,2.8,5.6,39.2,100.8,30.8,81.2,187.6,30.8,70,30.8,78.4
Wesley Matthews,POR,28,957.6,5,53,1224,72,200,47,42,118,67.9,28,28,50.4,812,8.4,28,120.4,126,940.8,39.2,42,456.4,42,25.2,30.8,75.6,8.4,28,70,145.6,61.6,131.6,182,22.4,95.2,33.6,53.2
Will Barton,POR,8,41.6,0,8,75,2,2,3,0,7,2.9,2.4,4,4.8,48.8,0.8,3.2,14.4,20,56.8,4,4,12,0,4,0.8,8,0,3.2,0.8,2.4,0,0.8,14.4,0.8,6.4,4,4.8
Will Bynum,DET,14,243.6,2,37,492,24,6,67,34,25,16.7,12.6,5.6,5.6,337.4,5.6,9.8,86.8,85.4,432.6,8.4,32.2,107.8,33.6,4.2,11.2,33.6,1.4,4.2,1.4,8.4,1.4,7,36.4,4.2,21,22.4,29.4
Willie Green,LAC,17,307.7,5,15,395,13,41,29,18,24,21.7,5.1,20.4,34,275.4,5.1,6.8,35.7,40.8,311.1,3.4,22.1,90.1,18.7,1.7,5.1,20.4,3.4,6.8,15.3,47.6,10.2,35.7,47.6,3.4,20.4,8.5,25.5
Wilson Chandler,DEN,21,621.6,14,35,829,29,111,65,51,96,42.7,21,33.6,69.3,556.5,4.2,6.3,63,79.8,598.5,21,39.9,252,50.4,18.9,14.7,46.2,0,10.5,39.9,102.9,31.5,88.2,163.8,27.3,69.3,21,54.6
Xavier Henry,LAL,28,616,5,32,975,40,56,117,87,78,45.3,30.8,28,53.2,627.2,0,11.2,86.8,70,792.4,25.2,47.6,288.4,86.8,11.2,19.6,53.2,2.8,14,19.6,53.2,16.8,36.4,151.2,14,64.4,39.2,50.4
Zach Randolph,MEM,25,827.5,3,60,1422,28,40,14,10,247,53.1,15,100,185,917.5,2.5,17.5,125,130,920,167.5,137.5,415,10,120,15,40,0,2.5,20,50,0,2.5,437.5,100,147.5,65,70
Zaza Pachulia,MIL,16,416,5,30,662,2,14,2,1,108,26.4,16,44.8,84.8,483.2,4.8,12.8,60.8,67.2,438.4,59.2,147.2,112,1.6,38.4,1.6,1.6,0,0,6.4,25.6,0,1.6,198.4,46.4,62.4,27.2,40
